-2.017560352035583093e-01,3.290785951141730337e-01,-1.308675427722693352e-01,-2.714550595521418308e-01,1.029197687438211828e+00,8.641183587462730742e-01,7.336389792541143651e-01,8.566968841596671602e-01,1.120327750527037036e+00,1.553584803695168715e+00,-4.197565531617975659e-02,-5.158820603895282186e-01,1.315408671862256518e-01,-1.387563600403802777e-01,-5.595397255780957257e-01,-1.379735409619645137e-01,9.807079797006799937e-02,2.875119649463994120e-01,-4.244614076984605799e-01,1.130514903419693740e-01,3.150414384791867112e-02,6.762888632235877218e-01,1.852862110243405080e-01,-6.280808029898191092e-02,1.103530679611088416e+00,8.744426706628254387e-01,1.219090897192319112e+00,1.389329095133591707e+00,1.082032837981295570e+00,1.540296642445382558e+00
-2.555577275704564166e-01,1.467633187222342483e+00,-3.178043689725010279e-01,-3.240024371785535373e-01,-6.168907233156971648e-01,-1.016540315059747401e+00,-7.690122909844311350e-01,-7.264947465884594724e-01,-6.956765780402154320e-01,-1.002450691384891845e+00,-6.833941839172675836e-01,2.588258504202095023e-01,-7.424401505917849198e-01,-4.762289852693997738e-01,-4.349154116524515667e-01,-9.708820223761515100e-01,-5.269377689928567143e-01,-8.819559203610574105e-01,-8.617142529194644629e-01,-7.220657697355961080e-01,-3.901797168417480144e-01,1.426216201941658657e+00,-4.652823041319078534e-01,-4.238830643110603202e-01,-1.574819250088063949e-01,-9.517515072310918089e-01,-6.443316824023082035e-01,-8.336936431430347350e-01,-7.313157684651062640e-01,-8.773252219661813456e-01
-2.619261800631172629e-02,-8.407681950857640585e-01,-9.175080601230890809e-02,-1.322604103077113513e-01,-1.215402375528995549e+00,-9.419881103838311232e-01,-8.571537638490829281e-01,-5.750229391905391507e-01,-8.052945455593645274e-01,-9.995144070711872164e-01,-6.629758114371012701e-01,-1.025149993175042296e+00,-5.989873921931458955e-01,-4.412023050871460295e-01,-7.626703163552053244e-01,-9.047890648998472285e-01,-7.164035482776528463e-01,-1.504655563329213852e-01,-1.076676545542080810e+00,-6.161896265195152544e-01,-2.755472110231977911e-01,-1.022124256192613601e+00,-3.103991137903022723e-01,-3.282792860383587086e-01,-1.285756360721342029e+00,-9.818284611097599646e-01,-1.027446550758146504e+00,-4.948378503591932542e-01,-1.220808643824871087e+00,-9.211593701354280350e-01
4.176741445713871154e-02,-2.365880626985532864e-01,-2.463472083469298371e-02,-5.791146111289496162e-02,-2.223803825924735911e+00,-1.013566157958314395e+00,-8.072283748396159586e-01,-9.064972026400976990e-01,-6.372136620300015153e-01,-9.995144070711872164e-01,-6.073533484738894428e-01,-9.991047343709953399e-01,-5.719671808509363409e-01,-4.137262865010667978e-01,-1.349883185360783999e+00,-6.456772281501839128e-01,-6.656497629995614673e-01,-1.087024465208118906e+00,-1.159730158600819072e+00,-6.725801810585149143e-01,-7.389027769089674159e-03,-4.574183488571496176e-02,-3.639774461727078581e-02,-1.049761753585483903e-01,-1.681758564628291319e+00,-2.299046141430557688e-01,-5.565763133417431785e-01,-5.999735689705523178e-01,-4.261773526564216485e-01,-3.782903043470572935e-01
-3.065277519180445998e-01,-1.764107586759227908e-01,-3.791558824170701003e-01,-3.634129703983622339e-01,-4.776007388006028309e-01,-1.301861119657202526e+00,-7.960337644173899330e-01,-5.047337956891068123e-01,-1.251074280137241868e+00,-5.928390296230678924e-01,-7.696442056007288812e-01,2.091229874080819062e+00,-8.131839766513878631e-01,-5.479602704330570617e-01,-9.334126673550289244e-01,-1.152866350790577421e+00,-5.806846437007910922e-01,-1.077874656253580274e-03,7.553884484006732070e-01,-7.416298396776981328e-01,-6.051156652515292667e-01,-4.477816554238500113e-01,-6.671624930695355671e-01,-5.724103626990074689e-01,-1.568488660494013365e+00,-1.344778832806470925e+00,-1.099004785986390287e+00,-9.857266356539216012e-01,-1.457608768593069426e+00,-1.225188526027259472e+00
-7.850796471815075783e-01,-1.306760076187241382e-01,-7.847346793492899764e-01,-7.340396870612435620e-01,6.156805459090228805e-01,-3.634154155850999324e-01,-5.721415559728730837e-01,-5.900663721170450460e-01,4.297345551563920840e-01,-8.192555903842453635e-02,-5.615880308459303416e-01,-3.692158512376608748e-01,-6.554841977268565101e-01,-4.634348086758818819e-01,5.539820398083817876e-01,-4.947382941212537522e-01,-3.373754384361303260e-01,-9.784035028773151177e-02,4.659221793577179582e-01,-9.564509998262679114e-01,-7.750174149468803675e-01,-4.116801205183844292e-01,-8.241147336637960619e-01,-6.873056176588792088e-01,7.008915672587704426e-01,-6.176357804484954306e-01,-5.269902174870384481e-01,-4.448753951590427302e-01,2.476699822544235485e-01,-8.801351032590815082e-01
-5.840312178104666296e-01,8.586388705133214394e-01,-5.380933601996457094e-01,-5.758385395264087325e-01,-1.963360573628282424e+00,7.894088396800845453e-02,-1.036406761185705433e-01,-4.904684713622479708e-01,-2.215712394305761723e+00,5.758021272314578498e-01,-9.967105892163719005e-01,4.139890943592128281e-01,-5.144878221775089910e-01,-6.446716610440582640e-01,-6.905008690253829906e-01,1.174166055994075641e+00,3.725982478255646657e-01,8.528085331092424282e-01,5.098917392123439862e-01,1.399293186731531691e+00,-7.545473246221393593e-01,5.203958715863519213e-01,-5.814446968881124000e-01,-6.705749564611565017e-01,-1.967588088342134167e+00,4.546730100083698489e-01,1.188892987987205108e-01,-8.042533851500160980e-02,-1.133399201796341904e+00,5.618959762574393668e-01
-6.831395984863321003e-01,-1.032139957346310880e-02,-7.200891249144084627e-01,-6.571751719162266525e-01,-6.002049439206601500e-01,-1.007023012335162448e+00,-9.220053000881843763e-01,-9.651147171468272834e-01,4.626199454121365240e-01,-2.037813580571769534e-01,-8.534299409503770528e-01,4.066003684573551435e-01,-8.431518474127474017e-01,-6.083655632024527193e-01,-3.307097706298787743e-01,-9.121073162467044915e-01,-6.775577532043134399e-01,-6.804523088267344644e-01,3.621051630342952410e-01,-7.861285085656160021e-01,-7.463592884922430892e-01,1.659444379690577787e-01,-7.717973201323758969e-01,-6.796231711905370565e-01,-4.495058966049915172e-01,-9.360591834683084089e-01,-9.444550445894407398e-01,-8.741540363112545453e-01,9.262851049122797775e-01,-7.817892580075658238e-01
-1.807594968954504777e+00,1.525403399084067413e+00,-1.805063876098570885e+00,-1.327713251308573872e+00,-1.119640511174868625e+00,-1.081376939870982712e+00,-1.125695740299489156e+00,-1.262870941278355641e+00,2.214604168700066711e-01,1.494859117421072359e+00,-8.738893203930844789e-02,4.657101756722135666e-01,-1.637163512986447023e-01,-4.435094516859771074e-01,1.991386202967720731e+00,-8.788321421539629918e-01,-1.012912504375975464e+00,-1.977069482288536406e+00,1.013098924215286800e+00,1.212859108459737101e+00,-1.469567579665346013e+00,8.830521995003428604e-01,-1.473796512997478381e+00,-1.080988318903254086e+00,-3.034939108068992475e-01,-1.101482429800983320e+00,-1.341360042369082128e+00,-1.754014328655005839e+00,2.444914570897500916e-01,8.928999925611142974e-01
-1.090899793267034346e+00,-1.069441950371759820e+00,-1.054846040554910713e+00,-9.285767872100861853e-01,1.745955949445563149e-01,-2.325525031220559424e-01,-6.649152814260320676e-01,-7.345352021181437152e-01,-6.445215265312783659e-01,1.083779313502395425e+00,-2.271491712569988775e-01,2.399709180483360793e+00,-2.118614551447632888e-01,-4.395243802879961748e-01,3.646002800285598422e+00,1.237629016892602962e+00,-1.725946010082120008e-01,2.230036478587472393e-01,1.981650617679689308e+00,1.169127658000921333e+00,-1.100491851110263930e+00,-9.942276155838448704e-01,-1.068262663477090868e+00,-8.947316723041156550e-01,1.566650747386067466e-01,-5.770972773946384526e-01,-9.822149262480722731e-01,-1.129636897718158117e+00,-7.472083942884751862e-01,7.803441761997824411e-02
1.635291392874872185e-01,-1.245159678117841118e+00,2.635938658176461558e-01,6.375224281119159717e-03,4.850961854261216510e-01,1.591795462896836710e+00,7.400726634048189201e-01,3.711571179800319809e-01,1.010709783007887053e+00,1.672504318400215517e+00,5.057999926000072977e-01,5.562220679699653170e-01,9.676935890851430244e-01,1.922143065919333926e-01,1.046494512073852468e+00,1.565235112341758050e+00,6.857462064532297008e-01,7.051184387243560892e-01,7.334036684733601374e-01,6.650651500808839600e-01,4.173918901028936257e-02,-1.181299205548528075e+00,2.089324996261122946e-01,-1.229018837846799495e-01,-5.571599551316477883e-02,7.299425226805283939e-01,2.728372890935403805e-01,-5.590388811002001274e-02,-1.226281994300737893e-01,4.826573237976456987e-01
1.437074631523141133e-01,1.171560851431000305e+00,1.133032456346405314e-01,2.482270791592327414e-02,-4.841299568247474094e-01,-3.421997615948791371e-01,-7.265499755897812939e-01,-4.959152315597759597e-01,-4.545170494980846354e-01,-5.884346031525092835e-01,-1.071032227098138723e-01,-1.826505222157641939e-01,-2.683582606784740143e-01,-1.368686946413367467e-01,-7.517568877345981448e-01,-3.935405997154937663e-01,-6.521325849293027055e-01,-5.161258589824001541e-01,3.966172410037056839e-02,-3.135219562387622227e-01,-2.990612712630476289e-02,5.860350259599247380e-01,-1.221155407986935781e-01,-1.322915405793202714e-01,-9.273633046714777617e-01,-4.920971903462282859e-01,-8.805691359133492879e-01,-6.894768629487356693e-01,-6.073532870428285380e-01,-6.199400955364983146e-01
-1.335272743333524526e+00,6.083012857791786354e-01,-1.320428095398852086e+00,-1.076156656288518754e+00,-1.213225969520947967e+00,-8.484013002587452723e-01,-6.450995342418621714e-01,-1.129866244645387097e+00,-1.956283204510439688e+00,6.712313674268647334e-01,-9.995269164550156793e-01,-5.150063745779725338e-02,-8.112188703719543925e-01,-7.022874038348672077e-01,-5.239830710399883129e-01,9.586745910558229500e-02,1.891508311577650425e-01,-1.106546719063592699e+00,-1.240027486918488936e-01,3.347776163524574522e-01,-1.287793177581645132e+00,4.022453937139202074e-01,-1.194770307496570316e+00,-9.905061716094472057e-01,-1.055676867948589726e+00,-4.129817247088620191e-01,-4.046341600540219741e-01,-1.361058085915173299e+00,-8.393856240640154009e-01,4.815333712804859556e-01
7.723377634392303293e-01,7.392682605821995767e-02,6.827605818349054001e-01,6.327511458810568534e-01,-1.593371552260060886e+00,-6.164170463469853534e-01,-4.630262727769245412e-01,-5.441579647378806950e-01,1.264581783534103332e-01,-1.466383612950256765e+00,2.688764636491113857e-01,1.570324697999879504e+00,3.211736231515499029e-01,1.326479762221126069e-01,-1.253422558197997194e+00,8.843486008143072730e-02,-2.937688097808755991e-02,-9.274758841239048868e-02,-6.504160902847334613e-01,-8.406010170318606312e-01,4.020127787257322671e-01,4.153732245886350705e-01,3.921912362898444249e-01,2.574645769145685326e-01,-1.978649602417747344e+00,-5.287126124593894971e-01,-3.976137305291767010e-01,-4.611208560523432087e-01,-5.994069741311439659e-01,-1.335897848967537493e+00
1.493707991909353772e-01,-9.418660658437832955e-01,1.627138604893273444e-01,-5.364083486483546548e-03,1.217819541469069122e+00,6.063580766220950657e-01,1.566661846189339458e-01,5.693154413567632632e-01,1.120327750527037036e+00,1.162736321366515946e-01,3.836417986238393474e-01,-8.731269577443285801e-01,4.857512740540982366e-01,5.189784526302464868e-02,-5.264473936317383140e-01,1.089548774796038844e+00,4.147589699018486287e-01,7.781146922709094582e-01,4.573725427193183757e-01,4.337487937066201726e-01,1.717508062059984464e-02,-1.197708994141921446e+00,7.001055409070289226e-02,-1.324622616119501550e-01,-2.105771925717483672e-01,3.729421570772062933e-01,-3.556015074787395591e-02,3.870148098299626693e-01,3.922928772470813397e-01,6.960477374127697903e-02
3.815675767743909041e-01,-1.748241939747032125e+00,4.398250587993621785e-01,2.322171451435686429e-01,2.124655378155886343e+00,1.034636699228421275e+00,1.488953498546824017e+00,1.582412838096963981e+00,5.722379129312865631e-01,1.177740411540950660e+00,6.469273884744788927e-02,-1.018869576158463630e+00,-9.946784932980031954e-03,9.132907804304686572e-02,-5.669326933533458401e-01,-1.059561913194642935e-01,3.719545726793618834e-01,2.637457428614748411e-01,-3.182016380497809660e-01,1.755797923137852323e-01,5.186922935767566134e-01,-1.394626457262640340e+00,5.311131818252542436e-01,3.769692997554455749e-01,9.132726375105432171e-01,6.959424878611644161e-01,1.582147395477170759e+00,1.046028789463847142e+00,4.955949450989798888e-01,9.839401464510892925e-01
-1.435796958019045055e+00,-6.087033495247294590e-02,-1.307251931437602099e+00,-1.144076936943933642e+00,2.369859005086082382e-01,1.861452373426745188e+00,1.415609499228792867e+00,1.011472774389294421e-02,1.902269252163640623e+00,3.635410382111898819e+00,2.209989005921695893e-01,1.295094658155695244e+00,4.636438284104723584e-01,-3.373807081397472429e-01,1.000376474999672860e+00,2.334794980534712128e+00,2.292359371375434218e+00,2.312733604040310365e+00,1.756917311756045708e+00,1.598386369083510061e+00,-1.268346591773140908e+00,-3.509639027228298458e-01,-1.135359007384618257e+00,-9.971642918820102786e-01,-4.583551078654822253e-01,8.038272137303004161e-01,9.698656490603140279e-01,8.019659515004076223e-04,3.668646759296910753e-01,1.236829462812131686e+00
1.811559926526159492e+00,2.083848780414078838e+00,1.753323903686450969e+00,1.859229300267726037e+00,-3.499182529950992659e-01,8.092365536896345413e-02,8.738932937394729983e-01,9.002709657398908494e-01,-1.320498992899369561e+00,-9.907055541300719970e-01,4.276469117276464060e-01,-3.857036712954677038e-02,4.626612752707557896e-01,6.234409799734523805e-01,-6.982458828851688670e-01,-2.540364334160282178e-01,9.967998583557483028e-02,-1.250017469562165751e-01,-9.215617093882607636e-01,-3.158236115260683041e-01,1.681393424022050720e+00,1.943124542633546836e+00,1.645444532183753417e+00,1.691521251005092763e+00,-4.495058966049915172e-01,1.584803989858332707e-01,7.376900154886478767e-01,6.414248577816483721e-01,-7.424406065414645983e-01,-1.188178375283701141e-02
1.539719796672357699e+00,9.765863863976776971e-01,1.526858585602470120e+00,1.453943674957637100e+00,3.327477648627361617e-01,5.647198772020357582e-01,1.262487816442025235e+00,1.385291992853094678e+00,6.562783546959681802e-01,-5.620080443291668448e-01,7.328663762156503170e-01,3.003737522960195694e+00,1.256564212161854321e+00,6.253286453724957727e-01,1.491480762927000381e+00,9.094511830569745880e-01,1.390892329118403659e+00,3.864328388727515939e+00,8.738619846756378040e-01,9.704180848634940126e-01,9.342351271690010339e-01,8.042852142520552361e-01,1.033596814612906645e+00,7.371906786043748161e-01,-3.256169389581254903e-01,-6.840444875107669354e-02,5.787274326760813992e-01,1.042963608163224531e+00,-5.215331075966357366e-01,-4.198765474819844967e-01
1.933321651356508131e+00,1.060834612029359914e+00,1.938613709391526108e+00,1.985007597777753707e+00,3.109837047822529565e-01,1.135758040677137037e+00,2.363934543042637504e+00,2.134869943846227969e+00,1.445527720833848395e+00,-5.414540541332327761e-01,2.117443254913827122e+00,-7.187025863955111005e-01,1.742436739751766606e+00,2.047369912652018176e+00,-6.056577626522751112e-01,8.013926280135362790e-01,2.050337516403179183e+00,1.187233229589964356e+00,4.256167494909773308e-01,4.955098772493342074e-01,1.908611426626676710e+00,2.397884866393272807e-01,1.722294970139512715e+00,1.927116276034250397e+00,-5.026011641679346553e-01,4.272114434234986491e-01,2.164341586787548621e+00,1.472088990250404850e+00,3.525613126886588122e-01,-2.810684116127013521e-01
-6.434962462159858898e-01,-1.090121781705771925e-01,-5.718572803503479962e-01,-5.959630671280131686e-01,1.050961747518695200e+00,9.573086145911683387e-01,4.415497188121297878e-01,8.118197984497219077e-02,1.796305216895128343e+00,2.249484186043216649e+00,2.815499362230077240e-01,-3.322722217283743951e-01,3.192085168721167099e-01,1.498349968172735421e-02,-5.113094119967025453e-01,5.189538650957651322e-01,3.404144905154243284e-01,-2.047883496698909012e-01,2.692805366745290030e-01,7.506100049257609097e-01,1.154315141793571947e-01,4.235781188853318113e-01,3.655891616128513211e-01,1.282133715603038342e-02,1.382280834316538698e+00,2.129174724862047619e+00,2.146790512975435217e+00,6.153708167263550743e-01,2.951005634809489742e+00,3.186887080085057278e+00
6.024376822806040144e-01,-9.216253304424057435e-02,6.992307867864673288e-01,4.228411427032106595e-01,7.390102196984303928e-01,1.524381235264359091e+00,1.380867604814988381e+00,1.084942073389410178e+00,2.433840103738362792e-01,6.125056811527683776e-01,-4.056339100060391001e-01,-5.404495740132037040e-01,-1.774720952546786357e-01,-2.557916147810843643e-01,-8.591309435179922405e-01,5.572603369894710834e-01,2.332425786726571304e-01,7.531355347386027577e-02,-8.116378097516956380e-01,1.422057906478469136e-01,4.695640767973782714e-01,-7.363847549448376828e-02,5.872731172544626288e-01,2.557573665882703073e-01,1.787881028898329894e-01,1.430212470594737439e+00,1.178974157050346472e+00,9.004326776842680458e-01,-2.132161666232776642e-01,1.281787563498539839e+00
-1.819343590683852041e-01,-1.225902940830599253e+00,-1.852192191124250320e-01,-3.005238216433484544e-01,7.752836531659030861e-01,2.415281388463359769e-01,-3.811898103799631343e-01,1.029690206350840354e-01,-1.110474179380815662e-01,5.464392840944106711e-01,-8.580064727131729851e-01,-1.175880001572931155e+00,-8.465907834017558642e-01,-5.756460296190301085e-01,-8.989121510705285756e-01,-6.027968491646925608e-01,-5.835811818587036681e-01,-4.847204940844644927e-01,-4.330110443368597739e-01,-3.541845329811701970e-01,-2.919232832829906643e-01,-1.184581163267206527e+00,-3.573961123863239608e-01,-3.772762224031181999e-01,3.026770605366996270e-01,-1.282746875788545911e-02,-4.146633450895151340e-01,2.919941895106586971e-01,5.130768335046855810e-01,5.489705223100967979e-01
-6.434962462159858898e-01,-5.124196630885141657e-02,-6.715020203072996630e-01,-6.311809904308209873e-01,-5.588532297677413219e-01,-6.804605625978384920e-01,-7.822656803348824184e-01,-9.015691815090008943e-01,-1.009914751595112126e+00,-3.080194511936970025e-01,-6.348125390506648147e-01,-6.366877288848951100e-01,-6.785741965101990125e-01,-4.858770528645115494e-01,-5.232789788709167889e-01,-4.455687928845570300e-01,-3.547546673836061704e-01,-8.317073365243602412e-01,-5.331639306723970906e-01,-3.023972890167828664e-01,-6.051156652515292667e-01,-9.004826408787725001e-02,-6.446985188978521242e-01,-5.717274785684882676e-01,-1.973033756810128880e-01,-4.175586524730072191e-01,-6.037134830085608694e-01,-6.945344120947632982e-01,-5.866928734724484729e-01,-2.001438303771679861e-01
2.055083376186856547e+00,-9.755653560964565596e-01,2.037434939100899900e+00,2.046499209893767102e+00,2.674555846212855470e-01,9.553258431902127423e-01,1.360279815532734027e+00,1.992216700577638555e+00,5.978154386857551517e-01,-1.230335394302936453e-01,-2.151797804927633728e-01,1.830914099261723438e-01,-2.054748597366047314e-01,-2.570617669765716540e-02,-9.073612570993859761e-01,9.643919749205567826e-02,9.324323437354681277e-02,3.027902505724221482e-01,-4.611027075773154182e-01,2.519180260094379120e-01,1.317025816241659708e+00,-6.069566047797643193e-01,1.332131208210276307e+00,1.116191371042584812e+00,-5.866686711425942446e-01,2.101342980383283376e-01,6.765119867721394176e-01,1.259058889857125996e+00,-2.767866699167528255e-01,1.780661916472351669e-01
-6.180112340421920480e-01,-1.984136971515743753e+00,-6.455614475085892368e-01,-5.900934132442119395e-01,-5.581277610983911286e-01,-1.009204060876212949e+00,-7.903721223647700578e-01,-7.970432596231074029e-01,-7.614473585517053111e-01,-1.065580804129545811e+00,-5.292002676015286067e-01,-3.045644995964096879e-01,-5.778624996892365306e-01,-4.474945230839580956e-01,-2.916326552464140187e-01,-7.445879690100509762e-01,-5.700640037884447953e-01,-9.870365737222586144e-01,-1.168279795239218766e+00,-7.109411025136166407e-01,-5.027652136278237816e-01,-8.859230108674494009e-01,-5.731684958774921901e-01,-4.979759924724040387e-01,2.186095535620394548e-01,-6.169819336250461639e-01,-5.821507351822506893e-01,-7.002049975009152494e-01,-7.058875671477155000e-01,-6.109484753992163730e-01
-9.096730400311664466e-01,-1.490683078530173455e+00,-9.523190147314360976e-01,-8.022394750444584721e-01,-1.542588745405599759e+00,-1.311378422381787701e+00,-1.085935572248135417e+00,-1.091998292795907322e+00,-1.342422586403200224e+00,-7.690160884453581813e-01,-4.249961597717141215e-01,-8.284251660380919091e-01,-4.997495250817584056e-01,-4.560938876796011843e-01,-3.032501760360927778e-01,-1.082256660061134745e+00,-9.538553097118679380e-01,-1.370012266747897112e+00,-5.075150207571987870e-01,-4.009848571563943698e-01,-7.975345143040958318e-01,-1.204272909579278572e+00,-8.560372232761884748e-01,-7.019876264650440900e-01,-6.795853893777444865e-01,-1.104490125188850147e+00,-1.248389497090060640e+00,-1.148181244586925720e+00,-2.640725692580581097e-01,-3.732325180198368675e-01
-1.083109905663140332e-01,8.321608567433641523e-01,7.336299862710214670e-02,-2.110814767473288001e-01,1.210564854775575405e+00,2.497921993133369156e+00,1.612480234240350585e+00,8.185695627769714600e-01,9.485929347470350992e-01,2.077711553691482749e+00,-6.703686704385407591e-01,-7.551399663883327784e-02,-3.754565529075950536e-01,-4.420412674867209568e-01,-2.022129497743412330e-01,1.960878075781226526e+00,7.575159852548428718e-01,7.866026287298112374e-01,-1.117889820655639382e-01,1.681245959426530323e+00,-2.509831026335085924e-01,1.061918895168328714e+00,5.227583763937373312e-02,-3.132558351669340602e-01,1.444225313139971378e+00,3.404176030588197843e+00,2.140271542702364638e+00,1.629945827232474942e+00,1.099514726387001318e+00,3.349860195073285141e+00
-2.017560352035583093e-01,-5.302533063289908144e-01,-2.609821618896108752e-01,-2.834738746475446436e-01,-1.236440966940129504e+00,-9.191862392728462616e-01,-8.450584376457583868e-01,-8.808196188517517511e-01,-5.824046782704264125e-01,-8.306780590331582781e-01,-8.594146363324947080e-01,-1.103655205882276169e+00,-8.790150370124072410e-01,-5.676758868230681321e-01,-9.186267318045289176e-01,-7.182880032322828123e-01,-5.459261858058396255e-01,-1.046112611476213594e+00,-9.301113460266605681e-01,-6.276979029560458834e-01,-3.123933736077316725e-01,-6.299303088105149273e-01,-3.922743880739372191e-01,-3.716424283263340400e-01,-4.937519529074439473e-01,-5.509434044566661193e-01,-6.573696229484493614e-01,-6.831932412824591738e-01,-2.593047815110470777e-01,-4.311160726535867016e-01
1.318849691166143812e+00,5.481239817565481953e-01,1.279805511329036527e+00,1.224747666161586812e+00,-3.811134057771247141e-01,7.312726748822735434e-01,2.382452996498671260e-01,3.166895160047524249e-01,5.247367936729884219e-01,-2.698477551155356591e-01,8.437592612372433187e-01,5.913185160037877086e-01,7.584097703254844003e-01,1.006007834179624583e+00,1.917266188211275979e-01,7.951035057623304647e-01,2.467597567429161698e-01,1.105749039584509097e+00,1.410359870985364028e-01,2.818395447444172475e-01,1.695722487249369692e+00,1.449189905972409154e+00,1.598151954980209899e+00,1.693228461331391044e+00,7.672606517124491710e-01,1.509327936232103706e+00,9.824021303546804917e-01,1.384731323182657681e+00,1.231423520720964282e+00,8.546856069776678222e-01
-3.688244483428738119e-01,-1.466612156921121235e+00,-4.335075587572252420e-01,-4.053390695683712908e-01,-6.546150941218692454e-01,-1.300274902536438404e+00,-1.007406023504636039e+00,-9.179094621015849720e-01,-1.254728212387879793e+00,-1.964406472729146591e-01,-4.000012555287518756e-01,-4.063441988944938021e-01,-5.144878221775089910e-01,-3.879281927141373654e-01,5.388440581733460188e-01,-1.069106677172250608e+00,-8.140168841993083992e-01,-7.194968165376816049e-01,-1.206142471780702108e+00,-1.378289359743962439e-01,-5.375643671798836509e-01,-1.540673575743840340e+00,-6.009528849845741094e-01,-5.300715466068108839e-01,-7.194068400499515903e-01,-1.290771085189558187e+00,-1.203057580729631537e+00,-1.142510659180773436e+00,-1.781818335389796948e+00,-5.789158286601517878e-01
1.828549934642021757e+00,-3.328717491347626400e-01,1.691560635118092515e+00,1.878794813213730430e+00,-8.468642914994742865e-01,-4.893213995457559307e-01,-7.521434907045087929e-03,5.571250732956296581e-01,9.532346332983341122e-03,-8.805948923661405248e-01,4.962948881695848358e-01,-8.792226566133608534e-01,2.813802209930235110e-01,7.088054041302023212e-01,-6.260764355553467553e-01,-6.851271768168359921e-01,-4.142946184073658111e-01,2.976974886970811252e-01,-8.104164330890671897e-01,-6.839566814066197487e-02,1.787837893710704451e+00,-3.493229238634902867e-01,1.530168875250116134e+00,1.834926918414145236e+00,-3.831368121513133995e-01,-4.267125080012976190e-01,-1.298344900815096015e-01,1.096604280924122543e+00,-2.450014182700147869e-01,3.106925886721373375e-01
-2.753794037056295219e-01,3.820346226540876078e-01,-2.403944057001580759e-01,-3.267975104565541411e-01,-7.010450889602343194e-01,1.106652263832916816e-01,2.704137204033897346e-01,-3.524838796915397143e-01,-9.039507163265998457e-01,-3.623407109972378581e-01,-3.074144975583424366e-01,-7.785512662005551476e-01,-2.521461338731483814e-01,-2.702637161737521110e-01,1.026589594335908795e-01,3.845953442745585482e-01,4.723678954869995894e-01,1.517049816039744148e-01,-6.003396471169649695e-01,-1.842456509350693938e-01,-2.980643103804128669e-01,-1.292225769892858638e-02,-1.812312623031232528e-01,-3.279378439730989969e-01,1.168436240663990461e-01,6.737116958638879050e-01,9.172124276239752572e-01,5.597522936270921123e-02,-5.421935211670158017e-01,-9.842612757417144864e-02
5.797843381261209572e-01,5.746019955265054824e-01,5.921744546013130162e-01,4.359779871098133364e-01,3.182383914757476728e-01,4.973056495695581947e-01,2.163707735374718888e-01,1.929702486609028156e-01,1.281100769555124419e+00,-5.517310492311988668e-01,1.079937701415936840e-01,1.018154250057415888e-01,9.213001291495602138e-03,7.119398045324829005e-02,-7.485884729737766197e-01,-3.169276559280824190e-01,-2.987549296639619989e-01,-4.100266532461308566e-01,-6.320954403453058479e-01,-5.129987478052914218e-01,6.578889077849959799e-01,1.007766592810131145e+00,6.700351273606636182e-01,5.015956535752172929e-01,3.115262717971903350e-01,3.507113650799297266e-01,1.590060389406931507e-01,2.567446045534974575e-01,9.151602668359209991e-01,-4.103229510861234886e-01
-1.238712863875038872e+00,-1.728985202459790260e+00,-1.259076581954282625e+00,-1.021093712711906631e+00,-2.839006040842984580e-01,-1.235240000585107412e+00,-1.125695740299489156e+00,-1.262870941278355641e+00,3.420401811410715975e-01,2.278524360574349650e-01,-7.171901107809911524e-01,-1.318667129626323486e+00,-7.896027012981868820e-01,-5.878109844128667216e-01,-3.391588766587358972e-01,-1.109585754934554469e+00,-1.012912504375975464e+00,-1.977069482288536406e+00,2.741660433250428519e-01,-1.880817430805793999e-01,-1.153714085954590907e+00,-1.877074241908401664e+00,-1.197134936356747392e+00,-9.189740589375507973e-01,-4.008352346722942605e-01,-1.175759428944824769e+00,-1.341360042369082128e+00,-1.754014328655005839e+00,3.191867984595840868e-01,-1.113515815215132682e-01
-4.056361325939096263e-01,1.128233192534706442e+00,-3.758618414267577701e-01,-4.327307876927773411e-01,1.145272674534123736e+00,4.536846787485438459e-01,3.257434040994484636e-01,5.197758605125805120e-01,3.493480456423484481e-01,4.745003184086414860e-01,8.088662046964875674e-02,-5.888936335965455626e-02,4.998895658973902256e-02,-8.023873267002826215e-02,2.737533565179501860e-01,8.100226105727877102e-02,-5.608939954550415385e-02,2.128181241080654984e-01,-5.099577740824556837e-01,-4.192663233664189332e-02,1.707007580561580584e-01,1.301501808631870150e+00,1.409494198960182521e-01,1.213845302551093061e-02,2.329146439189019091e+00,1.008481269469933661e+00,6.765119867721394176e-01,8.759112272792863862e-01,7.610017963492419213e-01,1.101955160752909224e+00
-2.385677194545941515e-01,-5.134036612026542379e-01,-2.992753884019933586e-01,-3.002443143155483218e-01,-8.679028829106082421e-01,-1.058376791619902280e+00,-6.683894708674126273e-01,-6.258593677008001954e-01,-1.145110244868729588e+00,-8.703178972681745451e-01,-3.866237011451945094e-01,-5.895846012605546749e-01,-3.838082545951869706e-01,-3.273131593448480037e-01,-3.419752453350217158e-01,-8.017618076573729269e-01,-2.858814267399059639e-01,-4.395646721231084020e-01,-6.968284034646168301e-01,-4.658148144155163095e-01,-2.284660032762931559e-01,-3.181443255360428823e-01,-2.421204554526859010e-01,-2.943058005450236991e-01,-2.150017982019943596e-01,-7.895974950156635641e-01,-4.457538186995438356e-01,-2.707730972836726036e-01,-6.327814883602187468e-01,-4.080750460518032252e-01
1.383978055610283864e+00,-5.846324279156735193e-02,1.300393267518489271e+00,1.353321036949614919e+00,-1.033309739522282777e+00,-4.568039485700906566e-01,6.723797492414126942e-02,1.966014221259218542e-01,4.991592679185198889e-01,-1.795247456085198534e+00,1.010626650126878578e+00,2.440483986164944663e-01,1.174521024995510032e+00,8.587699330542228893e-01,-9.066571649303141189e-01,1.284565471345560927e-01,2.873112909536928994e-01,3.333468218244673986e-01,-2.751399234419730708e-02,-3.929290636508229184e-01,1.241286482040117489e+00,3.138417150323311033e-02,1.216855551276638137e+00,1.121313002021479655e+00,-1.343276233914530771e+00,-1.664814722684729853e-01,2.668197780722443291e-01,1.126810834242296389e-01,-1.003785232773569958e-01,-1.016133357835464546e+00
2.116674956157645615e-01,-5.326603984898955479e-01,1.264794095958906295e-01,5.556851397393002684e-02,-5.204033902922200472e-01,-6.459603402212178436e-01,-6.951535969343431987e-01,-5.166647942170252694e-01,-8.637574615695785551e-01,-8.277417747194545372e-01,-3.510675697573186205e-01,-1.000397761403820418e+00,-5.960397327739956896e-01,-3.432534449367717899e-01,-4.391399646668801560e-01,-4.810165728458964396e-01,-5.427078100748256029e-01,-5.712974459652603310e-01,-6.125534137432498971e-01,-5.916386367882502384e-01,1.103405352317728301e-02,-8.202838564938766952e-01,-1.398502572500227303e-01,-1.770204511283343385e-01,-4.716289247562177045e-01,-6.333281042112788306e-01,-7.295797552039999800e-01,-5.323863212918213961e-01,-6.025854992958173950e-01,-8.554081478815568351e-01
2.739641920405942455e-01,1.585580703106697964e+00,2.545352530942869840e-01,1.754771576001563083e-01,4.343133785716604689e-01,-1.116034476637877415e-01,4.634242449245250528e-01,4.367776098835828291e-01,-5.933664750223411888e-01,2.895144066452370879e-01,8.831878425782541120e-01,5.469861605926439330e-01,6.626108392031053729e-01,4.841732216440122194e-01,1.238007582061283030e+00,-4.306496880741007838e-02,5.679536546981163170e-01,9.869179291598875192e-01,8.240990729236810641e-02,4.437226332849465993e-01,4.613760406674820014e-01,1.260477337148387056e+00,4.187933109668379172e-01,2.881943627879369196e-01,1.484046763812179037e+00,-1.063275645111365630e-01,6.790192830310126659e-01,5.847190037201283053e-01,-3.975706261743570669e-01,6.119118632710670580e-01
2.881225321371466142e-01,2.565267212595122803e+00,2.014188421254985151e-01,1.835828701063580148e-01,-9.585864665792900308e-01,-1.135506599117060089e+00,-5.227308616954624565e-01,-5.524577898007805299e-01,1.556896363585168197e-01,-1.428211916872093479e+00,2.308560459274223986e-01,7.704951191238267327e-01,1.069770386933080603e-01,1.068498824351832854e-01,-6.069042379098252976e-02,-6.170903088265229375e-01,-2.118587849265832490e-01,-4.344719102477673789e-01,1.341649246462354617e+00,-7.519872884705756100e-01,2.054999116082182886e-01,1.865998536244597661e+00,9.070105661725294532e-02,8.571921808896525163e-02,-7.813513188733849368e-01,-1.001705404542619027e+00,-5.656025798736870058e-01,-7.463359760752871219e-01,5.226124089987068677e-01,-1.227436431061579514e+00
-1.482236313535735928e+00,-8.816887618211527444e-01,-1.444366387659357764e+00,-1.153859693416935839e+00,-9.781741206517257092e-01,-5.222354048016126793e-01,-5.182272827899692125e-01,-6.453120826919714892e-01,4.406963519083068603e-01,5.200127252710671222e-01,4.772846793087404671e-01,-1.825137089943938695e-02,7.132123258985161307e-01,-2.119558294032937995e-01,1.382346476720927919e+00,2.245085960620569199e-01,2.147345557193383950e-02,5.794969791326125552e-01,9.581369743970044039e-01,1.778814476010916468e-01,-1.284517963129686358e+00,-1.286321852546244759e+00,-1.234377840904538282e+00,-9.887989612831489250e-01,-1.369823867696001729e+00,-8.307898448929699198e-01,-8.679323627686279519e-01,-1.024194660976736726e+00,-7.472083942884751862e-01,-5.159744876991807505e-01
5.401409858557747468e-01,9.838076628803927859e-01,4.480601612751434204e-01,4.024371077738059799e-01,-1.041289894885126799e+00,-7.262625819599040078e-01,-7.012012600360055803e-01,-4.009859824028600417e-01,-1.028184412848303753e+00,-8.365506276605676472e-01,-8.105219575236018159e-02,-4.226473008047541835e-02,-1.764895421149620114e-01,4.706210286934303308e-03,-1.047123552660066181e+00,-9.030166759017802525e-01,-6.585693363913306397e-01,-6.884309690981019747e-01,-7.236986900424435820e-01,-2.563641832706606283e-01,6.005726548757214234e-01,1.368781941864783080e+00,4.956437489225963278e-01,4.589153954177612182e-01,-6.353393330752920010e-01,-6.326742573878296749e-01,-6.097309940298568653e-01,-2.252551549694250532e-01,6.967257303269101809e-02,5.780327231109490260e-02
-1.073909785151171636e+00,-6.746788359833034709e-01,-1.091492246572136837e+00,-9.193530453926842538e-01,-1.504143689239995085e-01,-1.058376791619902280e+00,-9.954779730892298062e-01,-1.120347382776374134e+00,2.762694006295817184e-01,-9.660698060694913880e-02,-6.763533658206585253e-01,-4.486446546826267090e-01,-7.218065346577341446e-01,-5.729194018204115668e-01,2.908132776562570576e-02,-1.018622177646665294e+00,-6.872128803973555078e-01,-1.044245265455255200e+00,-6.015610237795934179e-01,-4.236178008149044660e-01,-1.024752516908721933e+00,-6.184434567951396788e-01,-1.061464355504081247e+00,-8.472712252330246718e-01,-1.751803475297866453e-01,-1.068659319263828289e+00,-1.121520306391072364e+00,-1.389104494815871282e+00,-3.546605364512611103e-01,-5.339577279737437454e-01
-2.470627235125252841e-01,2.352020008388693018e-01,-2.037481996829320907e-01,-3.100270707885504629e-01,-9.847033386758702322e-01,3.763565941112905211e-01,1.739084581428219645e-01,-5.280770536785124314e-01,-7.614473585517053111e-01,2.425338576259595813e-01,-4.278124870103576227e-01,-7.321870111664006142e-01,2.671332004671310711e-01,-3.455605915356029234e-01,-7.302820765779192147e-01,2.373101452428417968e+00,1.459765569762104143e+00,3.452299328669299894e-01,-6.430878303089625492e-01,1.696590328008570348e+00,-1.670557323020701035e-01,-6.358342261571426311e-03,2.355345743031058425e-01,-2.521377054854570532e-01,-5.468472204703871409e-01,2.044828484637086774e+00,1.946206812265572017e+00,3.257111838175082430e-01,-9.402147294801010968e-02,2.327063404457514029e+00
2.108885068553754127e+00,7.792048292034495782e-01,2.066257797766132942e+00,2.306441024747824198e+00,1.058216434212189805e+00,2.494592244501567802e-01,2.012655388414171576e+00,2.339771875086565256e+00,-3.047058272219131947e-01,-9.451931472676483592e-01,2.722953611222208359e+00,8.519079172656285337e-02,2.381587557137483380e+00,2.483630360430986617e+00,1.160557443463425153e+00,2.199346889702713526e-01,6.599992006051176308e-01,2.188809731740347875e+00,-1.146295015311905363e+00,2.028160465469074636e-01,1.882000309204513666e+00,1.413297550789675561e-01,1.745941258741284141e+00,1.956138851581320504e+00,3.778953562508677866e-01,-2.652123426093185299e-01,7.181331046694361397e-01,1.642206552434965827e+00,-1.341592600082475384e+00,-6.935589854104902141e-01
-1.540851841535462174e+00,-1.132026346555295993e+00,-1.539893576378418727e+00,-1.192431704653344360e+00,-3.651530950514378926e-01,-1.200739778208486763e+00,-1.125695740299489156e+00,-1.262870941278355641e+00,-3.193215562244669514e-01,6.712313674268647334e-01,-6.411492753376130116e-01,-7.805831658235659054e-01,-6.829956856389242104e-01,-6.066876384033028646e-01,7.634494601071343256e-01,-9.751700602747006563e-01,-1.012912504375975464e+00,-1.977069482288536406e+00,8.042435149058133614e-01,-1.194156936759472737e-01,-1.431697912564574793e+00,-1.394626457262640340e+00,-1.438622658702342738e+00,-1.061867563248713564e+00,-7.194068400499515903e-01,-1.185370977249529556e+00,-1.341360042369082128e+00,-1.754014328655005839e+00,-4.961049062792454722e-01,-2.816303878712819730e-01
-2.336094998700135456e-02,5.047963228602542207e-01,-8.351570353652768008e-02,-1.409251374695133230e-01,-4.144849645671997429e-01,-6.715380912935401403e-01,-9.375748157328893662e-01,-7.711063063015456409e-01,-1.068377667605324932e+00,-6.339470100149350307e-01,-5.056135269778880836e-01,5.414446161662511692e-01,-5.690195214317863570e-01,-3.820554559171127629e-01,1.357512913799482357e-01,-6.422467978313445292e-01,-7.779067084973309010e-01,-2.726918413411035247e-01,-9.643098925802587873e-01,-3.012464613731296592e-01,-1.895728316592851792e-01,7.780295525026259540e-01,-2.589684360814485942e-01,-2.828674913588253848e-01,-1.663311362692959094e-01,-6.575204366789033639e-01,-1.028900782588292984e+00,-5.336123938120707066e-01,-1.077775011414550566e+00,-4.114469036032832316e-01
-6.519912502739170224e-01,-4.243412512491607780e-01,-6.813841432782373753e-01,-6.286654244806204606e-01,3.109837047822529565e-01,-9.457553760456460790e-01,-8.229265641673348952e-01,-8.600700561945022748e-01,-3.339372852270197090e-01,-7.146948286418183249e-01,-7.626033875041197119e-01,1.322802380287659840e+00,-8.912969512588660992e-01,-5.414583118363512915e-01,2.913556607447357338e-01,-9.312033783549100718e-01,-5.121332406301923879e-01,-9.177750122176220327e-01,1.326992726510811460e+00,-6.606882954074334569e-01,-7.545473246221393593e-01,1.544575859536824747e-01,-8.117004321478661355e-01,-6.686970251022283929e-01,1.389666522176252750e-01,-9.929438571083982756e-01,-8.999254630318511694e-01,-1.094080794630934550e+00,4.701667437815896244e-01,-9.964641887851610758e-01
1.210541189978306398e-01,2.018857292069637932e+00,2.022423523730770556e-01,1.392192213172062550e-02,1.268602348323531137e+00,1.113947555266630030e+00,9.832659243014494344e-01,6.471263013214484383e-01,1.803613081396405304e+00,1.189485548795769398e+00,-1.144960817112533752e-01,-3.267306773019815758e-01,2.640768123653782287e-02,-1.622473072284786877e-01,-4.915948312627021477e-01,9.912097723226450663e-01,5.129194296977764855e-01,-1.266993342479968143e-01,-2.388121549789281317e-01,6.735045528010060734e-01,2.464400922577003328e-01,1.902100071150063743e+00,5.045111071482607512e-01,1.058642999392846312e-01,1.563689665156593245e+00,2.653559877268392597e+00,2.181892660599661138e+00,8.697808646780408326e-01,2.088036052600553028e+00,2.844081562351200354e+00
1.432116411938561651e+00,1.359314039981607714e+00,1.670972878928639771e+00,1.311394937779605696e+00,7.157904389693363345e-02,2.825079274290979381e+00,1.531415813941473747e+00,1.636880440072243426e+00,2.147082712956408290e+00,2.250952328200068298e+00,1.946703416071056791e+00,4.355874363000080685e+00,4.050454064946310773e+00,1.592232810882613814e+00,-1.360444567896855528e+00,3.310752406244498847e+00,1.848223520495497985e+00,4.966062541092937543e+00,2.969744337746147878e+00,3.502238900900211060e+00,9.628932536236386452e-01,7.222362712850889377e-01,1.320308063909390262e+00,7.696276748040414839e-01,-1.272482543830606661e+00,9.051734713649428610e-01,4.834501748388964071e-01,9.540733504451656133e-01,4.320244418055038671e-01,1.056997060066501959e+00
2.116674956157645615e-01,9.765863863976776971e-01,3.533564828036606653e-01,4.913984543452842857e-02,5.794071124415511864e-01,1.877314544634387516e+00,1.057896660449621828e+00,1.039811774609892714e+00,-2.645125724648919041e-01,5.948879752705400481e-01,-4.327410596779840413e-01,-4.575111257648554752e-01,3.761965989756857476e-01,-3.164066481503737815e-01,3.793671818786654715e-01,1.495483029192025359e+00,7.736078639099130960e-01,1.219487388133790207e+00,6.014949889094817204e-01,2.308195192091317960e-01,-3.604715422372732625e-02,3.677848376677947950e-01,3.419428730110791181e-01,-1.647285367789869115e-01,-3.801757299218453540e-02,1.392289354834677306e+00,9.598364640248208124e-01,8.927697244327111870e-01,1.523142273142095160e-01,1.977353606975386091e-01
1.228236314548209807e+00,6.636644054799988313e-01,1.168631627905991399e+00,1.177231420435576270e+00,-1.533162436013972008e-01,-1.235000760695190852e-01,3.579118248529710722e-01,5.130322526489745627e-01,-4.289395237436171016e-01,-7.925063629549958799e-01,6.807643223007429079e-01,-1.455700794851073725e-02,4.621699987008974775e-01,5.886240403910921737e-01,-3.528886739556292285e-01,-6.199490007588891460e-01,-9.406623317146972640e-02,-4.241166277679074281e-01,-6.846146368383316805e-01,-5.774450958498624775e-01,1.282226662689599506e+00,9.601782058892909255e-01,1.140005113320879726e+00,1.210087938988988254e+00,6.212486659143562351e-01,-1.592891572105304965e-01,6.469258909174347982e-01,3.594281781243582885e-01,3.255438487889318333e-01,-4.153807374133439145e-01
-7.114562786794363936e-01,-1.908533116413546615e-01,-7.386181054849161320e-01,-6.739456115842303863e-01,-8.221983567415933614e-01,-8.876601739976583971e-01,-6.924514495910474299e-01,-8.019712807542042077e-01,-1.072031599855962858e+00,-5.987115982504773726e-01,-7.777411464118293427e-01,-8.206670038411417734e-01,-7.478441928602267419e-01,-5.745973266195614215e-01,-1.036400461043400917e-01,-4.604339909328605818e-01,-3.434903523250570911e-01,-7.043882896408367733e-01,8.729541394288234391e-02,-3.614731080576394917e-01,-7.136071439726573429e-01,-2.492232134437915581e-01,-7.197754852084776722e-01,-6.591366472749581318e-01,7.702217339419258069e-02,-4.646356237613574747e-01,-4.086458340682190826e-01,-4.838031976769514575e-01,4.860593696049586576e-01,-2.732007439925807080e-01
-4.679328290187388384e-01,1.774317889771443724e-01,-4.689184994030839992e-01,-5.101543174933943492e-01,-8.635500708945111903e-01,-3.804262868834920597e-02,-2.468544853132529637e-01,-4.590847578431583864e-01,-1.037395534368047018e-01,-2.613615707803386423e-02,-1.349144541914196194e-01,-3.138004069737311275e-01,-1.209752897209681044e-01,-2.509675809835284488e-01,-1.666562952362341532e-01,4.932256377044703100e-01,5.035861400778358643e-01,4.046454880792408337e-01,8.396634381220398069e-01,3.608630429419267815e-01,-5.723635207319435203e-01,-4.051162050810273030e-01,-5.586851441089071280e-01,-5.631914269369969750e-01,-1.214962670637418585e+00,-2.357892355540996410e-01,-3.865816269901342084e-01,-5.854139577925945304e-01,-3.483034861219133083e-01,-3.288363935920095016e-01
-7.482679629304717084e-01,-7.517057851322705986e-01,-7.740290461307749448e-01,-7.018963443642365352e-01,-4.101321525511026911e-01,-8.815135826546971476e-01,-7.928169223420378220e-01,-6.606148851516928655e-01,-6.408675942806404402e-01,1.544453282148139650e-01,-8.161136050383488438e-01,-8.282404478905455170e-01,-8.524861022400560540e-01,-5.880207250127604812e-01,7.701383357133130270e-01,-9.442390135664994189e-01,-7.103851856606565596e-01,-9.050431075292697525e-01,-3.633925745670353868e-01,-2.690232873508442424e-01,-7.668293788169842085e-01,-7.792593850103934905e-01,-8.087446460726444020e-01,-6.920858065725142838e-01,9.132726375105432171e-01,-9.144822382944813866e-01,-8.487766193508361479e-01,-7.504739708311278790e-01,-8.448589745398799034e-02,2.325778887295041897e-01
-7.907429832201282593e-01,1.908131052667997540e+00,-8.259101917281955751e-01,-7.214618573102408172e-01,-2.001084944434453394e+00,-1.292542094072713033e+00,-9.155716159374798213e-01,-1.181817962148475232e+00,2.178064846193687454e-01,-9.378524364833861204e-01,-9.910779347390846761e-01,-5.858902383096260547e-01,-8.677156759056650071e-01,-6.644711736740267494e-01,-1.179492880445496272e+00,-4.913078638024145905e-01,-4.873517475013842137e-01,-1.446573453607189030e+00,-6.296526870200491732e-01,-6.361373056761682188e-01,-8.548507672133708324e-01,1.347449216693371588e+00,-8.043109669598125233e-01,-7.322052492405229929e-01,-1.788834020880226250e+00,-7.104820293782972973e-01,-7.952709171864801307e-01,-1.434775696195149663e+00,-8.766442261866232155e-02,-7.092943206507329457e-01
-5.217345213856373620e-01,2.603780687169606534e+00,-5.928567916635900659e-01,-5.266452498335980614e-01,-1.409102510245299866e+00,-1.374827107212354127e+00,-1.125695740299489156e+00,-1.262870941278355641e+00,-3.960541334878716624e-01,-4.504292404083824475e-01,1.512948014357397009e-01,4.501801699561761794e+00,2.886406408582975480e-02,-1.081342324558949713e-01,1.181489871531624103e-01,-9.616770343539325916e-01,-1.012912504375975464e+00,-1.977069482288536406e+00,1.329435479836069245e+00,-2.203049171028650111e-01,-5.744105297644179764e-01,2.053070126209280755e+00,-6.488366194031622847e-01,-5.502166284571303745e-01,-1.691935157577855620e+00,-1.305940331493582018e+00,-1.341360042369082128e+00,-1.754014328655005839e+00,-7.869399588468977136e-01,-9.026141536022859180e-01
-5.472195335594313148e-01,3.290785951141730337e-01,-6.010918941393712522e-01,-5.453722407962021679e-01,-1.181305348069572325e+00,-1.247929737551220830e+00,-8.190663536769121622e-01,-8.037868674867134633e-01,-2.572047079636150535e-01,-8.659134707976159362e-01,-7.397207286901402723e-01,6.670529564978249226e-01,-8.067973812432291947e-01,-5.370537592385828951e-01,-6.771231178130260320e-01,-1.084314918252438309e+00,-6.688681387305756010e-01,-8.232194000654585730e-01,-7.395765866566142988e-01,-8.356140972426974178e-01,-5.969276291216329966e-01,1.198120140493493579e+00,-6.636155497792697311e-01,-5.691666630790408465e-01,-8.919664596295160397e-01,-1.067351625616929534e+00,-7.671891990870993716e-01,-6.151462164086348716e-01,-3.340001228808819334e-01,-8.267473586939729779e-01
2.162686760920652596e+00,4.422119266767181034e-01,2.284488013374333271e+00,2.339981904083831665e+00,-1.743548350125312396e-01,1.839641888016238180e+00,1.698691601859791067e+00,1.559069580107558028e+00,-3.229754884751048771e-01,-1.068839757049171862e-01,2.691269929787468040e+00,2.625202133711377339e-01,2.968171781548358812e+00,2.443779646451177179e+00,-4.634311444998449048e-01,1.402861410583363444e+00,1.023997495782804412e+00,6.728642801805296836e-01,-1.569799185828184007e-01,3.466695020035392427e-01,2.442880784102420044e+00,4.334239920413675562e-01,2.626765509157286793e+00,2.565612938069793181e+00,-2.327002207229745823e-01,1.442635560240274062e+00,1.570613832686353684e+00,1.067485058568206524e+00,-1.130926239360525581e-01,2.859656332946126645e-01
-9.698431848907254627e-02,7.551339075943970247e-01,-4.892827313824742175e-02,-1.814537000005222167e-01,1.711138236626697173e+00,4.635985357533199402e-01,6.564347694456604820e-01,4.297746324867613987e-01,8.991885584702695444e-02,8.958571174252853986e-01,7.624378122214083842e-01,1.666378134724024518e+00,1.022225288339420501e+00,1.974578215892767719e-01,2.392718739338439704e+00,4.812191315885329668e-01,4.884597741420697581e-01,1.519960338778905351e+00,7.773732283279857214e-01,2.285178639218257146e-01,2.741012578297053956e-02,1.390114667036193685e+00,1.350378477455752013e-01,-1.268284675351660229e-01,1.824741397341061999e+00,3.945191022510332601e-01,5.686982476405882947e-01,8.100098293158979335e-01,2.794552339011615594e-01,5.529043561201575363e-01
5.542993259523271155e-01,1.196615771154185964e-01,5.057058786056108923e-01,4.580590660060184227e-01,-3.433890349709536882e-01,-3.782862010922640739e-01,1.313174690651581766e-01,4.588240202069103768e-01,-4.162270517595378222e-02,-1.285802127657408978e+00,1.214106293118881075e+00,-3.581327623848749031e-01,1.082652306431997724e+00,8.172412942752632636e-01,1.343621407421998537e+00,-1.734213209233040898e-01,1.135190014789353857e-01,1.093865928542047561e+00,-6.137747904058784565e-01,-6.760326639894740364e-01,7.192991787592193376e-01,-1.606103550394681612e-01,6.434330526836710140e-01,5.835417492375329918e-01,7.761098629729398235e-01,-3.096739266038714966e-01,7.726818090142378859e-02,5.755234598182599193e-01,-4.039276765037048689e-01,-1.102677701656798126e+00
-8.417130075677160539e-01,-1.223495848669694075e+00,-8.473214581652269706e-01,-7.524871706960475359e-01,-1.717426694718817703e+00,-8.462202517176944383e-01,-5.460207983210126903e-01,-8.813383579181829353e-01,-4.362473882448939522e-01,-2.698477551155356591e-01,6.926927061024387711e-02,-7.401298915108971421e-01,2.479734142426554266e-01,-2.400610697890542544e-01,-5.148298728420596104e-01,5.035169286609881834e-01,4.369657624458453404e-01,5.200814239203017664e-01,1.281801789993557650e+00,4.299127015611101110e-01,-8.466627310834745623e-01,-1.594825878102037686e+00,-8.102225391102551022e-01,-7.301565968489650560e-01,-1.938828151745540129e+00,-8.255590703053755641e-01,-7.391074809877185015e-01,-1.152932275602890799e+00,-5.215331075966357366e-01,-7.480706824927599863e-01
-3.518344402270115467e-01,-7.083781262359767350e-01,-3.886262502642185979e-01,-3.958358204231691158e-01,-1.569435869481440593e-01,-8.154872950028887457e-01,-6.238683765445373064e-01,-8.439891451351339002e-01,7.330109319593738348e-01,-7.308443923671947839e-01,-5.915115077565190616e-01,1.684507713438300816e-02,-6.284639863846469554e-01,-4.623861056764132504e-01,-5.229269327863810268e-01,-1.877147805851346052e-01,-1.796750276164430227e-01,-9.024967265915991854e-01,6.601210687156500168e-01,-5.958583381483113506e-01,-4.822951233030828289e-01,-3.115804100986857561e-01,-5.249891828513821856e-01,-4.843183098620180704e-01,-3.034939108068992475e-01,-4.646356237613574747e-01,-3.424532128339644599e-01,-8.681769327750402665e-01,1.112228827045696811e+00,-7.233437271152353132e-01
9.875445329068236466e-01,1.005471492328539718e+00,1.119221013051304503e+00,9.130969956645182961e-01,-2.556073259796696751e-01,1.924901058257312281e+00,1.622774128881478095e+00,1.336011781542127519e+00,-4.143237947410633448e-01,1.618183058596674551e+00,1.853060535386155783e+00,4.712517200986067745e-01,1.461917818362646670e+00,1.355225933002693228e+00,-8.357341928580452883e-02,2.583501178650563279e+00,1.108318939935371894e+00,1.946054749015763363e+00,-4.635454609025723705e-01,2.911480710491643364e+00,1.087760804604559262e+00,5.466515333357812034e-01,1.080889391816450162e+00,9.488847590653569641e-01,-5.202995866889155163e-01,1.481866369647232506e+00,1.248676993047023398e+00,1.305036609366466926e+00,-9.585803177392829832e-01,2.186569339812490131e+00
-5.868628858297775253e-01,2.163282821723951255e+00,-6.163268337195665358e-01,-5.699688856426076145e-01,-6.451840014203259477e-01,-8.589099886838078568e-01,-8.211251326051376420e-01,-6.463495608248338575e-01,1.629975008597936981e-01,-8.350824855037168870e-01,7.166724945934492830e-01,2.647231498195580901e+00,6.257650964637292423e-01,9.804077723964638169e-02,1.808131902005203906e-01,-5.439077953579507518e-01,-5.414204597824199272e-01,3.117628388757220231e-02,-6.750589079512760507e-03,6.625116616674514569e-02,-5.437053942773062420e-01,1.278528104601119653e+00,-5.849916401783783471e-01,-5.353638986183355541e-01,-1.254784121309625800e+00,-1.010859260070909205e+00,-1.064353951688761235e+00,-9.038862949272947755e-01,-7.948862717585822857e-01,-9.610596844946148742e-01
2.309933497924795187e+00,1.244757614372297982e-01,2.510953331458313897e+00,2.390293223087842645e+00,2.625228760007007889e+00,3.439738408587095453e+00,4.360950103421317614e+00,3.465435649242343263e+00,2.728057940807903314e+00,1.133696146835376783e+00,2.860249564106085884e+00,6.190262381357524157e-01,3.549351963690790424e+00,2.720637238310906980e+00,-1.719369865042693901e-01,3.522867347626063239e+00,2.334198255878616290e+00,2.232947001326635927e+00,1.294015556619842577e+00,5.089361997586195896e-01,2.485867973784375629e+00,4.055273514325993256e-01,2.948946191356428770e+00,2.524639890238635331e+00,1.665455594652233584e+00,2.928175543117101931e+00,3.476660448681826221e+00,2.705824463751049791e+00,1.828986251679638908e+00,8.091655300326799916e-01
9.479011806364774362e-01,4.844783488972367103e+00,8.886381437294333940e-01,7.456721063122815352e-01,1.238127880900941474e-01,5.250644491829313809e-01,6.976103480101691900e-01,1.022434015884446712e+00,-1.429450418931466852e-03,-4.416203874672672836e-01,4.720040657362834513e-01,-6.534970803116204596e-01,8.683469932911538902e-02,1.827759795967152656e-01,-7.545732564108840190e-01,1.593304200041099072e-01,-1.754911391661247433e-01,3.554154566176117580e-01,-1.009500829097513153e+00,-3.649255909885986138e-01,1.280179653657125938e+00,3.172217708278700421e+00,1.009950526011134331e+00,8.993756596027079331e-01,1.787881028898329894e-01,7.953272050254591718e-01,2.838693926325827621e-01,1.412317954888262062e+00,-8.130737228931454730e-02,8.253022768861958958e-02
1.831381602661331653e+00,7.190275251808190271e-01,1.765676557400121860e+00,1.778172175205708250e+00,-3.999755911802112540e-01,6.242030192306922132e-01,9.845526611315901233e-01,1.216961165796159205e+00,-1.622024694470186879e-01,-1.824610299222246601e+00,1.610856392862803244e+00,4.989594422305714261e-01,2.065205446148704826e+00,1.497849540930433099e+00,3.945051635137012402e-01,6.315863272309898413e-01,7.536539343776257338e-01,2.716759379484025239e+00,1.372183663028067269e+00,-5.160676215216997154e-01,1.429611313027735253e+00,3.776307108238305399e-01,1.515389944874008687e+00,1.322763820524672340e+00,-6.486131499660274802e-01,2.624420439142730599e-01,5.947741287328703885e-01,1.188559719942803738e+00,7.691332321551715319e-03,-1.396029308635607702e+00
-1.316017400802213633e+00,4.470261109985293468e-01,-1.305604910942445906e+00,-1.074479612321718403e+00,5.794071124415511864e-01,-5.073646192944485378e-01,-8.462165007928851290e-01,-8.727791633220673972e-01,-3.375912174776586339e-01,9.281562448760383166e-01,-5.893992623275362552e-01,1.479812805702127809e+00,-5.724584574207947085e-01,-5.471213080334821344e-01,1.238007582061283030e+00,-4.295601180633067395e-01,-4.612829040801705860e-01,-3.927112628699717667e-01,2.766087966503001927e-01,2.020488281178053069e-01,-1.196701275636547157e+00,9.880748464980592116e-01,-1.182356005980639946e+00,-9.398020249183892671e-01,9.884909332247113767e-01,-5.587895663380577638e-01,-8.693865945987744315e-01,-7.552250018470929582e-01,-4.157580773089202680e-02,4.843432525733861183e-01
8.707410276610567934e-02,-6.289440849261048738e-01,9.600953043550068677e-02,-3.527136756108992244e-02,7.955919925977754381e-02,2.098037964310524583e-01,-9.540556040566874896e-02,-1.675534025088046275e-01,3.749255713968170367e-01,2.131710144889124026e-01,-1.880726308208182374e-01,-8.114310964638201673e-01,-7.283018587484932360e-02,-1.708466718241217486e-01,-8.542022983344921272e-01,3.125563075789329903e-01,2.229437763334121969e-01,1.330315213943908670e-01,-2.192701283768720422e-01,-1.293895332542739085e-01,8.472637869224583507e-02,-6.611089071379617765e-01,1.291262755951325669e-01,-3.259045752350292480e-02,-1.353588968575801799e-01,5.573269612899111047e-01,5.416194480447567017e-01,4.130688508852559115e-01,2.365451441780656028e-01,2.331398649880840612e-01
5.712893340681893806e-01,3.675920696886565975e-01,6.704079281212332875e-01,4.052321810518065837e-01,1.493497635821861014e+00,1.960590943474506131e+00,1.090065081203144270e+00,1.403447860178188122e+00,1.295716498557677010e+00,1.599097210557594462e+00,5.867694007110118015e-01,-2.528434182834085608e-01,5.054023368484323875e-01,2.914216103416699122e-01,7.958562693482537642e-03,-3.043281754284517769e-03,1.310567867129747675e-02,2.247012351505274785e-01,-4.440034343005162532e-01,1.656059527354587779e-01,9.628932536236386452e-01,9.749470156233448481e-01,8.798959387013897127e-01,7.406050992569713776e-01,2.054820890113814968e+00,1.120942923103214639e+00,1.057621018120879164e+00,1.423046089440441753e+00,1.274333610444060350e+00,1.725748807776813276e+00
-7.341096228339198948e-01,-1.016485922831845246e+00,-7.390298606087047917e-01,-6.918340805634342061e-01,3.545118249432203661e-01,-5.004249193911052274e-01,-5.687960402145066929e-01,-5.031775784898132597e-01,2.689615361283048678e-01,-1.450556717830795428e-01,-5.151186314083104900e-01,-3.174947699246597477e-01,-5.596852666044775937e-01,-4.544159628804512741e-01,-1.201862120775189224e-01,-7.308662477346937747e-01,-3.354444129975220346e-01,-2.692966667575430462e-01,-4.586599542520585215e-01,-3.553353606248231822e-01,-7.381712523623464861e-01,-7.136202306368202297e-01,-7.729796345624646570e-01,-6.647704413517423472e-01,2.849786380157180998e-01,-6.124050058609009639e-01,-4.367275521676000083e-01,-2.815012318358520171e-01,-3.816780003509880892e-01,-3.035474619559057063e-01
1.380441271136933767e-01,9.958431236849190071e-01,8.859793820729740255e-02,3.041285447192450253e-02,-6.959668082747870743e-01,-7.328057275830561768e-01,-4.612353981127218644e-02,1.042658683011619819e-01,-6.664451200351079185e-01,-1.249098573736098450e+00,4.638661179626431957e-02,7.704951191238267327e-01,4.360236118158025698e-02,-1.525992396333668566e-01,4.606898274064165633e-01,-4.369927170874586819e-01,7.779503086467942641e-02,6.983280895572345770e-01,-3.817132245064630558e-01,-3.219613589588845581e-01,-9.541041616547632498e-02,1.012689529388149490e+00,-1.428060433252440475e-01,-2.099696104258903517e-01,-5.571599551316477883e-02,-6.130588526843503416e-01,4.345612812669898036e-05,3.287763651181310753e-01,-6.788701032479885766e-01,-8.503503615543364091e-01
1.284869674934418171e+00,-3.737923158701509374e-01,1.312745921232160828e+00,1.180026493713576929e+00,9.784148805837497020e-01,1.294379752753554325e+00,1.414322762398651623e+00,1.354167648867220741e+00,3.566559101436253543e-01,-3.197645884485179057e-01,7.969378208947929254e-01,-1.009633668781142024e+00,7.210727510162497911e-01,6.559507729569812318e-01,-2.497391711866634445e-01,8.505621292502327790e-01,7.745733766292171030e-01,9.003409772790915699e-01,4.585939193819468240e-01,-6.724484049700893418e-02,1.343636933663822974e+00,-6.922875054654091809e-01,1.287794417081953968e+00,1.170822101484128686e+00,1.568114270786838071e+00,1.681289650799271618e+00,2.341858161915777004e+00,1.890486237785406143e+00,1.422135030601392458e+00,4.697318698503038514e-01
-3.150227559759757323e-01,1.438748081291479686e+00,-3.791558824170701003e-01,-3.734752341991642299e-01,-9.230385017811664206e-01,-1.042712897552356077e+00,-9.705152785844963770e-01,-8.058618237524383110e-01,-5.202878300095754582e-01,-1.200649882559968962e+00,-4.943482180233135792e-01,4.085843631541903609e-02,-5.739322871303698115e-01,-4.005126287077614422e-01,-3.342302314752361170e-01,-9.198829583027402501e-01,-8.300765790970683344e-01,-9.014781742165310918e-01,-1.022935972386426862e+00,-8.425190631046156620e-01,-3.922267258742220819e-01,1.040586169996917665e+00,-4.720806121049174187e-01,-4.313947897467725334e-01,-4.716289247562177045e-01,-9.321361025276125867e-01,-1.117608924227230016e+00,-8.465674046056499424e-01,-9.506340048275984111e-01,-1.156627422480487333e+00
-1.569168521728566246e+00,-1.456983788277500746e+00,-1.535364270016739141e+00,-1.208922636993547739e+00,5.213696188935943443e-01,-5.353216960479169062e-01,-7.956477433683477596e-01,-8.712229461227738447e-01,-4.800945752525531685e-01,1.261424514481538584e+00,-9.710116031637486822e-01,-9.800787651737128403e-01,-8.628029102070815526e-01,-6.928071287196704287e-01,3.145907023240931966e-01,-4.255579493579941808e-01,-4.332830352203485558e-01,-7.344355847053483100e-01,-5.624769705754812943e-01,8.236275317788786798e-02,-1.388506021979371452e+00,-1.163248438095795478e+00,-1.292606826586401469e+00,-1.033869313897422426e+00,1.399979256837518893e+00,-1.854430301485028298e-01,-4.618005147563328805e-01,-4.494731671099769232e-01,1.252967634144825371e-01,1.203110887297325959e+00
-3.008644158794233636e-01,-1.354901919405344657e-01,-2.770406117173840888e-01,-3.963948350787693808e-01,8.550852067943431889e-01,5.369610775886625165e-01,1.099576376848190873e-01,1.903765533287467560e-01,8.243592382253311923e-01,3.438356664487759451e-01,-3.236083791805433041e-01,5.543748864945011734e-01,-1.155712474525261574e-01,-3.925424859117995213e-01,2.829065547158785554e-01,8.151143492888933695e-01,6.323211693183969917e-01,1.207604277091327782e+00,9.862286376374600483e-01,7.690232472242095607e-01,-4.229318613613338163e-01,-1.130219681186273029e-01,-3.786777721279185882e-01,-4.950737349176969615e-01,8.144677902443733797e-02,9.113417617055431796e-02,-5.110538755288857732e-02,1.739847094366838431e-01,3.319008991182796353e-01,-1.806352259721720824e-02
-6.944662705635736843e-01,-5.013682003981279056e-01,-7.460296977131188889e-01,-6.507465033768252693e-01,-1.509217186615524842e+00,-1.328826810710193485e+00,-1.018819379187985819e+00,-9.614835436818086611e-01,-5.056721010070217570e-01,-7.866337943275865108e-01,-1.729348719131088008e-01,-9.928243173544167854e-01,-2.948871954508250348e-01,-2.989981783591937337e-01,-1.479978527558410140e-01,-1.033258680340379820e+00,-8.214513321379507405e-01,-9.082685233836521599e-01,1.996620669047042551e-01,-3.998340295127413291e-01,-6.092096833164778458e-01,-9.515621652410227727e-01,-6.922866747089180262e-01,-5.782148778084215124e-01,-1.454776295796710528e+00,-1.223359477691934538e+00,-1.188615554278521502e+00,-1.100824193492304426e+00,-2.751974073344160554e-01,-8.565321003987174109e-01
-1.523012333013806341e+00,-5.567313200989481015e-01,-1.504894390856349018e+00,-1.172586684379539834e+00,5.431336789740784932e-01,-5.757702326274033444e-01,-1.125695740299489156e+00,-1.262870941278355641e+00,6.416626256934153671e-01,1.220316534089670446e+00,4.026520074846841601e-01,1.605421146033702007e+00,1.678953333557437200e-01,-2.398513291891604948e-01,3.103851830100590625e+00,-3.089233185174573015e-01,-1.012912504375975464e+00,-1.977069482288536406e+00,-2.290411416779000731e-01,1.160688255280798664e+00,-1.245829492415925888e+00,-4.494226342831890153e-01,-1.271620745452328727e+00,-9.631908063886752691e-01,5.991256377631301033e-01,-7.902513418391127198e-01,-1.341360042369082128e+00,-1.754014328655005839e+00,-7.297265058827695494e-01,2.898994671046741245e-01
7.043777309757803806e-01,2.148840268758519301e+00,6.786430305970144738e-01,5.709800264372432155e-01,-8.606481962171135258e-01,-2.019768607975232222e-02,6.466450126385957231e-02,1.123063238308462247e-01,-8.016406133087266017e-01,-9.084895933463378315e-01,1.896672600622590910e-01,-2.491490553324799129e-01,2.946446883791988824e-01,1.733376526014971386e-01,-3.873891902401293552e-01,7.001949336077762931e-01,5.093792163936611272e-01,6.660739310134085045e-01,-8.971341761356909084e-01,6.970364909770443429e-02,5.575854651937649509e-01,1.408165434488926060e+00,5.813615451040196058e-01,4.145279269340069184e-01,-8.211727695455919296e-01,3.762113911944527933e-01,3.651057914200772081e-01,4.191992134865015207e-01,-1.090489112073245614e+00,-2.973657231115239830e-01
1.718114881888914702e+00,1.159525390626473973e+00,2.136256168810272360e+00,1.652393877695680580e+00,2.335041292267226343e+00,4.799919589642372308e+00,3.704714320049457665e+00,2.897416371500141974e+00,4.006934228531321196e+00,2.753056945843596726e+00,1.862917680721408509e+00,1.247067939793622848e+00,2.861073489319236884e+00,1.596427622880488340e+00,1.188721130226282563e+00,2.474870885220650685e+00,2.498335418160331667e+00,2.424774365297811762e+00,7.135860133971971386e+00,8.733649535820865450e-01,1.456222430449899186e+00,1.014330508247488494e+00,1.870084273900586957e+00,1.266425879756830186e+00,1.391130045577028129e+00,2.383521139183828019e+00,2.510348470512062224e+00,2.089723022325883139e+00,4.030114928216244508e+00,9.075113752841964532e-01
4.721809533923243540e-01,9.043736215705209247e-01,5.715866984118601613e-01,3.599519939481968245e-01,1.384677335419443933e+00,1.425242665216598370e+00,1.618913918391055029e+00,1.195692864072478656e+00,1.047249105514270306e+00,1.562393656636283934e+00,5.262183650801737222e-01,-2.546905997588727044e-01,3.796355349646942656e-01,3.847561772943819958e-01,5.969316621217396479e-01,8.402708382937151832e-01,9.020210555773726657e-01,3.825768532860965299e-01,-6.809505068504461134e-01,8.722141259384337264e-01,8.052735581231323936e-01,8.141310874080909255e-01,6.877698438119932423e-01,6.671950552261468603e-01,2.346844861710000618e+00,1.573404924930135840e+00,2.347374213685298194e+00,1.363275054078298520e+00,5.877721748745204922e-01,2.343922692214917003e+00
-4.764278330766704705e-01,-5.182178455244644821e-01,-5.442696870564818212e-01,-4.933838778253906709e-01,-1.512119061292922506e+00,-1.363723587367005496e+00,-9.530156576945800762e-01,-8.222021043450222777e-01,-1.232804618884050241e+00,-1.036217960992497744e+00,-8.703689113447783676e-02,1.828930104564885140e+00,-1.661727341479364295e-01,-1.914012506137077740e-01,1.244858166748049610e-01,-8.160552673192034145e-01,-6.923944653242880554e-01,-7.577171549458748545e-02,1.686077465323591928e+00,-2.874365296492930599e-01,-6.869960265504937436e-01,-8.744361588520740414e-01,-7.469687171005153781e-01,-6.236266724879547807e-01,-2.140147707921698395e+00,-1.338698057348392423e+00,-1.229183607747091234e+00,-1.319984656486828944e+00,-1.594285350674042867e+00,-1.358376899310741237e+00
5.429726538750856424e-01,-8.768745774993423892e-01,5.757042496497505324e-01,3.895797706950033801e-01,-1.090626547710795979e-01,6.698067614526620472e-01,4.235354031901569782e-01,5.633499420928042012e-01,-1.000856211861667622e-01,-4.269389658987436942e-01,-2.303175394004728094e-01,-8.539162703994994663e-01,-9.641146122805051288e-02,-1.471459840361296345e-01,-4.099201396504152939e-01,4.223300777817911023e-01,1.827140796957369973e-01,4.997103764189382291e-01,-7.151490534040442215e-01,-2.260590553211302145e-01,5.125512664793346884e-01,-5.839829007490137114e-01,5.104226792987037742e-01,3.223385693139018127e-01,4.885104970069989450e-01,1.281135394848294862e+00,1.143872009426120107e+00,1.282047749611796572e+00,1.825102163786107845e-01,4.354513180769181702e-01
-5.075761812890851044e-01,-1.627887331701771023e+00,-5.339758089617553383e-01,-5.302788450949986743e-01,4.633321253456384459e-01,-6.644001142501013701e-01,-6.126737661223115028e-01,-3.032036683805723332e-01,5.466603871768180856e-01,-4.577699511926447973e-01,-5.862308941840621568e-01,-1.005385151387574227e+00,-5.675456917222112541e-01,-4.793750942678057791e-01,3.666935228353797038e-01,-7.583096902854082888e-01,-4.712598688463140451e-01,1.296363468108300832e-01,-1.569799185828184007e-01,-5.609498996241687463e-01,-5.641754846020472502e-01,-1.624363497570145531e+00,-5.929722625814761727e-01,-5.669472896548529706e-01,2.672802154947379050e-01,-8.190206020708824530e-01,-7.185476516649574874e-01,-3.147584489476084046e-01,-1.226281994300737893e-01,-8.868788183620424093e-01
-1.734393550104540993e-01,-1.550860382552804007e+00,-2.523353042900409737e-01,-2.449018634111359838e-01,-1.643428890445172819e+00,-1.331999244951721728e+00,-1.090207538524203157e+00,-1.148255544550374596e+00,-1.623775369702351368e+00,-1.368018088441144142e+00,-6.270676391443948949e-01,-9.669637766979162219e-01,-6.466412194694060034e-01,-4.172918766992602113e-01,-1.290387397074247433e+00,-1.218787786750939794e+00,-9.475794770363905606e-01,-1.426711682293359429e+00,-6.992711567898735048e-01,-8.225713839479626976e-01,-2.632651568283529975e-01,-1.411036245856033267e+00,-3.414348675801277544e-01,-3.115486248406358349e-01,-1.868476922224641124e+00,-1.265205674392690272e+00,-1.272208811549356611e+00,-1.415311794936195522e+00,-1.012615245538737385e+00,-1.212263072079917015e+00
-1.675356072452707679e+00,-5.567313200989481015e-01,-1.651479214925252847e+00,-1.263147058586759908e+00,-7.554552391614433038e-01,-8.702117856692526132e-01,-9.213619316731138653e-01,-1.109401988474675083e+00,-1.475867404444649311e-01,3.467719507624796305e-01,-8.668074953339343081e-01,-4.676706238799093751e-01,-8.505209959606226944e-01,-6.728607976697762449e-01,6.916320588618479759e-01,-4.918796021888877656e-01,-5.018344382909473156e-01,-9.726070817421259562e-01,6.369149121257081658e-01,-4.328244219641287360e-01,-1.492698781732303415e+00,-5.872648584676922745e-01,-1.471136305529779253e+00,-1.090890138795783892e+00,-1.220850799668434655e-01,-7.595205411369954085e-01,-9.963560771481176914e-01,-1.361058085915173299e+00,3.191867984595840868e-01,-5.283379653879426430e-01
8.714461441150959109e-01,7.021778800544824506e-01,8.145222214474028277e-01,7.671941705528860789e-01,6.142248252604120412e-02,-2.650699540977212165e-01,4.021650149118227019e-02,4.300340020199772684e-01,2.104986201180918670e-01,-1.008323260012301326e+00,6.258049341846519398e-02,-8.710950581213178223e-01,-3.068912954963187549e-03,1.076888448347582128e-01,-8.837741694354928068e-01,-7.434444922371045150e-01,-3.537891546643018859e-01,-3.007020316554787076e-01,-1.109653715433050358e+00,-8.191189010170035756e-01,1.089807813637033052e+00,6.221365608653897095e-01,9.892600234845843055e-01,9.471775487390587944e-01,1.032736989527163862e+00,3.163411523666730812e-02,6.088149877825609346e-01,1.286645521562730377e+00,4.955949450989798888e-01,-4.378597877565475471e-01
1.837044938699953445e+00,2.449726788871672056e+00,1.988024324246212338e+00,1.708295343255692877e+00,1.551535129369817856e+00,3.443703951389005535e+00,3.395897480815641245e+00,2.679545963599023750e+00,2.147082712956408290e+00,1.099928877227771995e+00,1.138769539485164017e+00,7.113853119089686983e-01,1.447670797836754453e+00,9.634304924011964921e-01,-1.694726639125196666e-01,2.087803997578280946e+00,1.277605503386710417e+00,8.477157712339022932e-01,3.315707464685826444e-01,9.493195780631882297e-01,1.941363571146262679e+00,2.277884229938768712e+00,2.292761682657258770e+00,1.604453524363882444e+00,1.439800707509726774e+00,4.029253593805736777e+00,3.365837954039627267e+00,2.307350894670096242e+00,1.879842654314419326e+00,2.276485541185305550e+00
-1.304973895526903016e+00,-1.615851870897245135e+00,-1.296134543095297520e+00,-1.061901782570715547e+00,4.343133785716604689e-01,-7.613576357568111463e-01,-7.453363333098383947e-01,-7.244197903227346247e-01,2.049414308489814693e-02,9.369650978171534250e-01,-4.408380004890845583e-01,-4.305422762230764477e-01,-4.501305915260647161e-01,-5.156602180494218590e-01,9.162374607956363937e-01,-6.142316168941568399e-01,-3.740649217696903617e-01,4.352020593312860841e-01,-3.117812233208266601e-02,-2.847512651474358725e-01,-1.233547438221080927e+00,-1.621081539851467079e+00,-1.238515941409848331e+00,-9.667759480739016587e-01,-2.620727950222818611e-03,-8.961745272379005867e-01,-8.967161238204932605e-01,-7.996701307061223618e-01,-7.217801929710849773e-01,-3.237786072647890756e-01
2.852908641178357740e-01,-5.952447946734316098e-01,2.866521527498334110e-01,1.754771576001563083e-01,-5.552258864209934641e-01,-1.474916100210772185e-01,-1.542094335431080376e-01,-2.049026152918535792e-01,-7.870248843061738997e-01,-4.122575443302191056e-01,-4.626645365885726502e-01,-1.566004729190996647e+00,-4.181976144852717625e-01,-2.903988137635505895e-01,-5.391210526750240817e-01,-3.357950226816985295e-01,-3.566856928222145173e-01,-5.748623792779991026e-01,-6.467519602968478942e-01,-3.181252668133745520e-01,3.098973722643974527e-01,-8.695132222740564742e-01,3.153407983340860143e-01,1.849081380468932112e-01,7.362884123007333859e-01,5.311730883519387714e-01,3.269948882852032890e-01,1.647891655348158457e-01,8.118581989840233382e-01,7.816286933622559330e-01
2.484791798668004037e-01,7.118062486981030501e-01,2.351827622762014125e-01,1.114699795339423039e-01,-8.171200760561461163e-01,-1.623214327784205588e-02,-2.431229485058443718e-01,-2.575546305346237963e-01,4.918514034172429827e-01,-5.194319217804469480e-01,-2.954451067941069042e-01,2.329653097637085224e-01,-2.531286870128650057e-01,-2.469825095855474884e-01,-8.992641971550643376e-01,1.724804028929940170e-01,5.301353773587139107e-02,5.324491868071623557e-02,-1.789646985101313870e-01,1.168875824874793939e-01,1.031494599845128035e-01,9.864338676387202076e-01,9.365684269247467886e-02,-2.405440589201170848e-02,-1.095498318620796718e+00,5.403269438802291713e-01,2.201840676572013045e-01,2.506142419522518483e-01,4.113640282351246902e-01,5.068223029165904725e-01
3.136075443109404559e-01,2.760241677628446411e+00,4.768830199403774617e-01,1.763156795835563728e-01,6.084258592155291634e-01,2.089471084536595136e+00,2.155483176559811476e+00,1.182724387411697720e+00,1.164174937534696364e+00,1.299596210559700982e+00,-5.010369952150922623e-01,-9.015463522117553655e-03,-2.275823053802306095e-01,-3.698905011232762052e-01,-8.373040862767778814e-01,1.336539757752469804e+00,1.355490196077249854e+00,7.526508828942046758e-01,1.031733105570526582e-01,9.328243818374942764e-01,2.587221464525447101e-01,2.830894105536120975e+00,6.404772666084488364e-01,5.772096873767409986e-02,4.088675956625847374e-01,3.529714620690465487e+00,4.525713203394410300e+00,1.856769243478556319e+00,1.883021179479092755e+00,3.226225418185663774e+00
-1.333007408918076342e+00,6.131154701009889907e-01,-1.326604422255687865e+00,-1.069448480421317349e+00,5.794071124415511864e-01,-8.273839234086198813e-01,-8.623007111696464611e-01,-9.368434380263250816e-01,7.878199157189488266e-01,4.906498821340179450e-01,9.743254299668024920e-02,3.081319144929696829e+00,-3.254550714646441828e-02,-3.170358699500549493e-01,2.723642058802016042e+00,-4.758709273676374751e-01,-5.729605419463574822e-01,-5.045822653982942052e-01,1.210961943561104315e+00,3.374628808543145841e-01,-1.106632878207686410e+00,9.355635229992007584e-01,-1.132107642701874806e+00,-8.908050885536298313e-01,8.911496093593169743e-01,-8.667514201826816977e-01,-1.033413915854265008e+00,-1.176227653487623481e+00,-5.111138322491325797e-02,-2.536921395875871288e-02
-1.199635845208554930e+00,5.948427309278808001e-02,-1.147490943407448283e+00,-9.937019945875005256e-01,2.964743313952644677e-01,-1.258794017506652541e-01,-3.338378950307779869e-01,-4.772406251682516087e-01,4.955053356678819076e-01,8.103822037219293728e-02,-7.823176781746252750e-01,2.238662156077577889e-02,-6.373069646420973511e-01,-5.980882738076597205e-01,7.233162064700626726e-01,-1.774234896286166763e-01,-3.806649545182564515e-02,-8.935241382883001016e-02,-5.417135673107966731e-01,-5.381851798772319118e-02,-1.125055959499953406e+00,2.118918460305584950e-01,-1.028950708676645176e+00,-8.877321099662929260e-01,1.037161595157409799e+00,-1.416352929773992964e-01,-1.550178067688764115e-02,-2.598917036664619151e-01,-4.484270288091384282e-01,7.915837013713877823e-02
3.928942488516323772e-01,4.638757561248650907e-01,4.562952637509246623e-01,4.172509961472093964e-01,1.130763301147134081e+00,1.066361041643704599e+00,8.327177151749639572e-01,9.368420699232927751e-01,1.007055850757248017e+00,8.767712693862032003e-01,3.405912966593290570e+00,5.761988281597052106e-03,3.241812830959460712e+00,2.856968628241834729e+00,4.205565737693447992e-01,7.905295986705449529e-01,4.331037115686284245e-01,1.654069734829549887e+00,-4.217051229573916260e-02,8.073841686793113981e-01,1.415282249800417169e+00,3.464521124963831911e-01,1.479920511971350550e+00,1.479827170544110615e+00,8.513281586871093154e-01,9.699043068864244832e-01,7.702848668540003274e-01,1.516534119109434586e+00,1.570820150612205479e-01,1.197491124711525634e+00
-3.461711041883903106e-01,-1.213867480026073364e+00,-2.828051834504308748e-01,-3.958358204231691158e-01,-6.393802520655305077e-01,6.202374764287816866e-01,6.422806643141103500e-01,-2.305801990801996104e-01,-7.797170198048970491e-01,2.087665880183527667e-01,-7.041645973022643279e-01,-1.421739855957232956e+00,-2.123527317146215732e-01,-5.020270790563291508e-01,-5.289117162234884262e-01,1.764200070834438749e+00,1.612638416985270773e+00,3.486251074504904679e-01,-9.606457625923732202e-01,1.474864201998082436e+00,-3.819916807118514113e-01,-1.286321852546244759e+00,-6.004403321904257934e-02,-4.132983602880111462e-01,-3.123431220673887898e-01,2.177559389797296241e+00,2.533415596093695932e+00,6.383596764810255397e-01,-4.214095649094106166e-01,1.928060260865647413e+00
-7.199512827373675261e-01,-2.717104469979972348e-02,-7.254419415236660340e-01,-6.823308314182322531e-01,-7.946305473063127733e-01,-5.174767534393197588e-01,-4.199205889672042447e-01,-8.924912478464543941e-01,8.097435092227784903e-01,2.904017453106384284e-04,-4.088022781495132540e-01,4.250721832119984112e-01,-3.042214502781337981e-01,-4.191795420983038256e-01,9.667417599648348014e-02,-2.626125092131265659e-01,4.182991832059638204e-01,-4.833624242510403124e-01,-2.253770116900142839e-01,-1.424322465490084066e-01,-6.521968729984338742e-01,2.365065289206487176e-01,-6.089335073876719351e-01,-6.157735049869828003e-01,-3.344661502186155877e-01,-3.802893835363965747e-01,-5.762435782595896200e-02,-7.326959192875162064e-01,2.079384176960010211e-01,-3.660873913036091082e-02
-7.595946350077137366e-01,-4.435979885364029762e-01,-7.476767182082753038e-01,-7.150331887708393230e-01,9.276320737292885754e-01,-1.677158783108202711e-01,-8.643594900978719409e-01,-7.801842399640923631e-01,-6.006743395236181504e-01,4.333923380167734041e-01,-4.161951371509527431e-01,1.289553113729302369e+00,-4.363748475700309215e-01,-3.965275573097805095e-01,-1.194821199084477037e-01,-4.409948857927710741e-01,-6.402245947245507329e-01,-3.609663805136796855e-01,2.802729266381855378e-01,-7.069732342796822278e-02,-7.115601349401833309e-01,2.004049940151837461e-01,-7.203666424235222188e-01,-6.456496856972020471e-01,3.911691731416044870e-01,-4.750971729365463525e-01,-9.548352511011761745e-01,-7.728497943256735780e-01,-5.088190069379401326e-01,-1.422602757434181520e-01
-1.479404645516425587e+00,-1.086291595498096507e+00,-1.359956587282601381e+00,-1.145474473582933861e+00,1.027741966789601086e-01,9.870501856054965106e-01,-1.833002428022876065e-02,-5.179616418831034519e-01,3.383862488904336718e-01,3.983360073285923342e+00,4.353918116339163258e-01,-6.607010880659313079e-01,1.683866099256022264e-01,-3.113728737529241064e-01,3.593195887605240557e+00,3.923084218157316894e+00,8.122283726820813676e-01,1.020869674995493526e+00,5.966094822589674829e-01,6.989246661168962760e+00,-1.335283787135044697e+00,-1.619440560992127631e+00,-1.314479643543040366e+00,-1.018845863025998000e+00,-5.202995866889155163e-01,-5.401981863519186855e-02,-6.222674753242233292e-01,-1.020516443415989238e+00,-1.033275659109117450e+00,1.399802577800358883e+00
-4.962495092118435758e-01,-1.475256527450607424e-01,-5.273877269811300117e-01,-5.230116545721972265e-01,-8.446878854914257051e-01,-6.973141195059577857e-01,-7.856111960932486982e-01,-7.646220679711552837e-01,-7.577934263010663862e-01,-2.948061717820252836e-01,-9.949503846922196360e-01,-5.827500298013368329e-01,-9.711785215178342368e-01,-6.514253083606365013e-01,-1.248493913014496970e+00,-8.343508956863464610e-01,-6.373280565666380459e-01,-1.033550465517039330e+00,-9.789664125318006116e-01,-9.031293190036765450e-01,-6.071626742840037227e-01,3.201964507469539645e-01,-6.346488462420990517e-01,-5.754833412863442632e-01,-6.220655161845559666e-01,-3.632893661267146412e-01,-3.700334716815705249e-01,-4.602013016621563368e-01,1.252967634144825371e-01,-6.542206473098840513e-01
2.428158438281796672e-01,1.461395908853767300e-01,1.515964721470230148e-01,1.016872230609401628e-01,-8.853141309749944510e-01,-9.873935754657056085e-01,-8.751680794710554601e-01,-7.599534163732740710e-01,-1.075685532106601894e+00,-1.469319897263960506e+00,-7.692921646958984505e-01,-2.676208700871231527e-01,-7.561958945478188809e-01,-4.959446016594107887e-01,-1.186181756051674752e+00,-9.765422324022363654e-01,-7.468171989357352825e-01,-8.851813362154401510e-01,-1.569799185828184007e-01,-8.402174078173096916e-01,-5.651724454846798751e-02,4.615298123728701213e-02,-1.398502572500227303e-01,-1.691672836273623859e-01,-1.237085698788644939e+00,-9.932707805201230755e-01,-9.527291222437225260e-01,-8.721616684658497487e-01,-4.102847268330526154e-01,-1.272394531747987001e+00
-1.769761394838010801e-02,1.924980697794334006e+00,-1.804663885406822613e-02,-1.493103573035151621e-01,2.086926224039804545e-01,1.840277682186347574e-01,-5.515537666906186187e-01,-1.465444703183398645e-01,-9.952990225925583134e-01,-1.406512453125219608e-01,-1.338583314769283827e-01,5.211256199361433694e-01,3.082917036526316990e-02,-2.190870097996807653e-01,8.892916213669786740e-02,9.815441265147546723e-02,-3.463868904829697226e-01,7.832074541462501482e-01,3.355484078722787561e-02,6.113598600437413211e-01,-1.957138587567073817e-01,1.252272442851690926e+00,-2.019217648296737222e-01,-2.978909422302498666e-01,-3.698629952605773097e-01,-1.664814722684729853e-01,-6.764250745158862932e-01,-1.478593271287014232e-01,-1.039632709438464753e+00,-1.581561756289692408e-02
1.231067982567520591e+00,-1.523398370668710977e-01,1.205689589047006072e+00,1.177231420435576270e+00,1.687918455897599035e-01,3.928545594890414661e-02,5.920979279386153760e-01,1.018284103352996572e+00,1.178790666537250065e+00,-3.594044266835321189e-01,1.046182781514754634e+00,4.897235348532499866e-01,9.613069936769844670e-01,8.455562752609173671e-01,-1.874270142238415593e-01,-4.901643870294679628e-01,-1.098362742534383929e-01,4.335044720395061502e-01,3.877540729494936000e-01,1.714918670421485339e-02,1.366154033021037995e+00,3.513750490744013133e-01,1.335086994285497486e+00,1.232281673230865460e+00,3.248000886879258142e-01,-2.809046663721018189e-01,2.417468154835114291e-01,7.624995191562460306e-01,1.256851722038354602e+00,1.291742571507664417e-01
-1.371801260782629539e+00,-1.512346907978320720e+00,-1.248782703859556253e+00,-1.132337629176330962e+00,4.859672261603322774e+00,2.390852337481787604e+00,1.262991954276086459e-01,9.933784717006537146e-02,2.077658000194280596e+00,4.749730279162886148e+00,1.787129850499753064e-02,-2.158997887741220534e-01,9.273001816741563430e-02,-4.246327976955409644e-01,9.785496177584586119e-01,1.163874765037557601e+00,1.080477627362114168e-01,1.737251512126785302e+00,5.978308589215959312e-01,2.585412878123278357e+00,-1.223312393058710645e+00,-1.502931061979035698e+00,-1.122649127261166280e+00,-9.918719398704857193e-01,2.554801326331527456e+00,6.030962389313627714e-01,-2.887970728940760790e-01,-1.831089120858628294e-01,2.127062054430120808e-01,2.343922692214917003e+00
1.075326241505446756e+00,4.494332031594340804e-01,1.341568779897394981e+00,9.508304849175265305e-01,1.928778837431534221e+00,3.059046299603694674e+00,2.977708011019847945e+00,1.844376066644737300e+00,1.109365953775121261e+00,1.245274950756162236e+00,1.677416882796461516e-03,-8.038576524144163127e-01,1.462791642819763760e-01,2.568027027630779072e-02,5.478069193673321124e-02,6.927623345836241286e-01,9.712161337941744854e-01,-1.929052386274289210e-01,-5.636983472381097426e-01,5.327199710607828376e-01,9.301411091040528989e-01,3.677848376677947950e-01,1.258236556329739075e+00,7.218257856676907336e-01,2.426487763054415048e+00,2.222020973791849485e+00,3.188822838163173579e+00,1.255993708556503163e+00,5.416835599867502182e-01,2.040455512581666131e+00
-3.490027722077007066e-01,-2.245526018940278701e-01,-3.033929396398836742e-01,-4.492217200329808868e-01,1.841722597109599402e+00,1.244810467729674075e+00,-5.048452197565038713e-01,1.125656933640615670e-01,-3.668226754827651481e-01,1.447878568401794741e+00,1.410856151956564608e-01,-7.551399663883327784e-02,1.723168224844690566e-01,-1.240745180478189241e-01,-6.091782234976321764e-01,-1.013822842276783237e-01,-5.607307141685041740e-01,1.347291086861714116e-01,-2.888885981466968178e-01,-1.577766151310489862e-01,-2.468890845685601243e-01,-1.917889533669149549e-01,-2.282282608991449413e-01,-3.525216726717936289e-01,5.814272152421497974e-01,2.892497636756946044e-01,-7.165418146578589331e-01,-7.429497591375620880e-02,-5.119975321026144499e-01,3.056348023449161344e-01
4.240425970640470110e-01,5.467008877097774555e-02,3.368862778520981816e-01,2.928702352761821115e-01,-1.306811427867027309e+00,-9.350484104804880348e-01,-5.841082084931834562e-01,-5.244458802134938091e-01,-9.587597000861749486e-01,-1.209458735501084181e+00,-6.080574302835503042e-01,-3.899042837628612923e-01,-6.343593052229472562e-01,-3.797483093182816849e-01,-1.470634992356535609e+00,-9.123931854399409680e-01,-5.909834460400360534e-01,-1.098737817521403315e+00,-1.269654058237384309e+00,-9.073490203637377682e-01,3.385554987190351195e-01,1.006125613950792141e+00,2.621366489800993627e-01,1.833716487532248418e-01,-1.064526079209080489e+00,-4.652894705848066859e-01,-2.080621333583561883e-01,-4.408906594682334701e-01,-3.514820112865876811e-01,-8.542841953643971475e-01
9.365745085592359631e-01,1.542253044210404100e+00,9.339312073462292529e-01,8.222571141294983121e-01,3.037290180887581847e-01,2.236831962377388017e-01,1.038595607997508274e+00,4.481898693450702686e-01,-1.832049507988736892e+00,-5.884346031525092835e-01,4.473612023981516361e-01,8.443823781423996921e-01,4.626612752707557896e-01,3.826587712954446219e-01,8.493677384342444014e+00,3.458260909954589568e+00,3.615111796822200851e+00,4.689355812532746803e+00,1.495856237369355690e-01,3.394828320825925783e+00,3.713076432386209214e-01,4.153732245886350705e-01,3.951470223650661584e-01,2.386852633252878608e-01,-3.610137840000872123e-01,-4.744433261130970858e-01,6.423024035528274167e-02,-6.969720396282221009e-02,-2.067885600210438657e+00,-8.604659342087788154e-01
-3.858144564587365211e-01,-5.904306103516213655e-01,-3.832734336549604715e-01,-4.472651687383805141e-01,1.167036734614607774e+00,1.661828256100376100e-01,-6.264418502048191284e-01,-4.860591892975824613e-01,1.134943479529589849e+00,5.229490095847708631e-01,-6.732260046397241238e-02,-3.821461215659113786e-01,-1.622425215890695993e-01,-2.446753629867164104e-01,1.779968215242345719e-01,-5.404773650391114792e-01,-3.766396223545016020e-01,-4.154589325798279664e-01,-3.023237414356101938e-01,-3.118557432921330308e-02,-3.697096265170070062e-01,-6.233663933731578011e-01,-3.961169099717254394e-01,-4.389065151824848021e-01,6.654947222168087206e-01,-3.528278169515257634e-01,-6.277835270937445200e-01,-5.210451504795174937e-01,2.651518706601292963e-01,1.168107794620052847e-01
1.718114881888914702e+00,9.318356334546130937e-02,1.728618596259107854e+00,1.666369244085683654e+00,1.225074228162563728e+00,9.037737867653773405e-01,1.618913918391055029e+00,2.002591481906263571e+00,-3.120136917231901008e-01,-3.138920198211084811e-01,1.076417292367632672e-01,-3.858404845168399988e-01,8.978235874826562268e-02,2.559754489596287597e-01,7.335255429215983280e-01,1.193087329509845418e-01,7.719986760444059737e-01,1.265322245011858415e+00,4.866855826224025239e-01,1.130514903419693740e-01,1.181923220098368477e+00,-7.692043321316234528e-02,1.151828257621765994e+00,1.020587592769883312e+00,1.506169791963405391e+00,2.768266740301580375e-01,1.320385666050799989e+00,1.576305154471577374e+00,2.031706299489908496e-01,-1.540617771736002284e-01
1.188592962277863485e+00,3.435211480796040440e-01,1.193336935333334514e+00,1.112944735041562216e+00,7.535195930854199364e-01,4.259258791351706042e-01,8.931943461915865523e-01,1.188430517142441412e+00,1.849210943636243054e-01,-4.783239413885778113e-01,5.012234608372114764e-01,-5.308442303407893137e-01,1.929504384185198040e-01,5.678597210016125274e-01,-2.912806091618782567e-01,-3.598080349135739930e-01,-7.539965393158833129e-02,-2.013931750863307280e-01,-6.027824004422216442e-01,-3.779683042833332784e-01,1.147124066546308274e+00,1.085101778921811894e-01,1.039508386763349224e+00,1.044488537338058576e+00,7.407130179309781015e-01,1.136486370973881395e-02,5.436252850518553670e-01,5.601975533151463127e-01,2.699196584071403282e-01,-2.732007439925807080e-01
2.626375199633522728e-01,-5.808022417080006550e-01,2.845933771308882254e-01,9.945116443853947719e-02,1.753210636139054812e-01,6.559273616459754264e-01,-1.322062337476985761e-01,3.301767317319645456e-01,-5.166338977589365333e-01,8.841119801704665493e-01,-1.074552636146440948e-01,-6.789881846730280168e-01,-2.560763464320149896e-01,-1.142167098528132640e-01,-1.014031220713708548e+00,-3.929688613290205912e-01,-3.705247084655749479e-01,-2.726918413411035247e-01,-1.218356238406987035e+00,-1.815603864332122341e-01,1.031494599845128035e-01,-8.383346239466091809e-01,7.887791231636726019e-02,-4.146795122025386665e-02,-8.388711920665727906e-01,-2.240199927320121187e-01,-4.106516710753179145e-01,-1.938370466380422430e-01,-1.155648877949058351e+00,1.123149693933639393e-01
